account_id,customer_id,account_type,currency,balance,credit_limit,opened_date,closed_date,account_status,branch_code,last_updated_ts
ACC00000001,CUST000125,LOAN,GBP,53811.7,5000,2024-09-23,,ACTIVE,BR866,2025-09-24 07:58:00+00:00
ACC00000002,CUST000358,CURRENT,GBP,450719.74,25000,2018-05-02,,ACTIVE,BR995,2026-04-25 23:52:00+00:00
ACC00000003,CUST000323,CURRENT,USD,368084.5,5000,2024-01-23,,ACTIVE,BR660,2025-06-20 18:29:00+00:00
ACC00000004,CUST000415,CURRENT,USD,219859.3,5000,2020-06-30,,ACTIVE,BR528,2024-02-11 02:20:00+00:00
ACC00000005,CUST000111,INVESTMENT,GBP,239948.65,5000,2015-10-06,,ACTIVE,BR508,2025-01-16 01:09:00+00:00
ACC00000006,CUST000040,CURRENT,USD,4912.03,25000,2017-08-31,,ACTIVE,BR109,2025-09-15 23:40:00+00:00
ACC00000007,CUST000313,LOAN,GBP,222005.72,5000,2020-05-27,,ACTIVE,BR403,2026-04-11 03:24:00+00:00
ACC00000008,CUST000259,CURRENT,GBP,117527.97,50000,2023-11-24,,ACTIVE,BR220,2025-06-08 23:05:00+00:00
ACC00000009,CUST000400,CURRENT,EUR,143889.86,50000,2025-12-16,,DORMANT,BR545,2024-12-11 20:47:00+00:00
ACC00000010,CUST000307,CURRENT,USD,413872.64,50000,2021-10-15,,ACTIVE,BR401,2024-11-05 13:25:00+00:00
ACC00000011,CUST000347,CURRENT,GBP,192825.36,25000,2018-11-14,,ACTIVE,BR837,2024-01-23 05:47:00+00:00
ACC00000012,CUST000136,CURRENT,USD,163594.28,25000,2023-06-03,,CLOSED,BR792,2024-09-20 23:41:00+00:00
ACC00000013,CUST000325,LOAN,GBP,46845.08,10000,2017-01-04,,CLOSED,BR377,2026-01-30 02:53:00+00:00
ACC00000014,CUST000266,CURRENT,EUR,423052.91,0,2025-05-26,,ACTIVE,BR635,2025-03-19 03:50:00+00:00
ACC00000015,CUST000135,CURRENT,GBP,213052.92,10000,2023-07-28,,ACTIVE,BR430,2024-07-15 18:16:00+00:00
ACC00000016,CUST000095,SAVINGS,GBP,204921.38,5000,2021-03-04,,ACTIVE,BR729,2024-11-06 19:32:00+00:00
ACC00000017,CUST000035,SAVINGS,GBP,245330.12,25000,2024-12-25,,FROZEN,BR480,2025-07-06 07:44:00+00:00
ACC00000018,CUST000069,CURRENT,GBP,287223.94,25000,2023-03-29,,ACTIVE,BR677,2026-03-29 01:23:00+00:00
ACC00000019,CUST000056,SAVINGS,GBP,364194.67,5000,2015-04-06,,DORMANT,BR765,2025-08-10 15:13:00+00:00
ACC00000020,CUST000228,CURRENT,USD,499508.32,25000,2017-09-10,,ACTIVE,BR269,2026-02-17 13:17:00+00:00
ACC00000021,CUST000227,SAVINGS,EUR,13693.69,25000,2017-08-13,,ACTIVE,BR244,2026-02-03 22:49:00+00:00
ACC00000022,CUST000351,CURRENT,USD,196838.59,50000,2016-11-07,,ACTIVE,BR397,2024-07-09 08:32:00+00:00
ACC00000023,CUST000246,CURRENT,GBP,254244.64,0,2017-09-26,,ACTIVE,BR635,2025-11-18 01:38:00+00:00
ACC00000024,CUST000161,CURRENT,USD,360930.16,10000,2025-12-21,,ACTIVE,BR801,2025-02-12 05:43:00+00:00
ACC00000025,CUST000077,SAVINGS,GBP,467316.88,5000,2020-01-17,,ACTIVE,BR309,2024-10-18 08:00:00+00:00
ACC00000026,CUST000485,CURRENT,GBP,452061.94,50000,2015-07-08,,ACTIVE,BR922,2025-02-20 06:01:00+00:00
ACC00000027,CUST000012,CURRENT,GBP,433155.27,5000,2025-10-03,,ACTIVE,BR728,2026-03-11 13:42:00+00:00
ACC00000028,CUST000487,CURRENT,GBP,112112.42,10000,2021-02-20,,ACTIVE,BR831,2024-05-12 08:17:00+00:00
ACC00000029,CUST000142,CURRENT,GBP,25655.86,0,2017-02-13,,ACTIVE,BR480,2025-04-18 19:50:00+00:00
ACC00000030,CUST000063,CURRENT,USD,4604.93,25000,2019-01-23,,ACTIVE,BR631,2025-10-12 10:06:00+00:00
ACC00000031,CUST000220,CURRENT,GBP,286083.69,10000,2023-08-12,,ACTIVE,BR719,2024-08-14 07:01:00+00:00
ACC00000032,CUST000005,SAVINGS,GBP,274394.12,10000,2025-11-10,,ACTIVE,BR357,2025-12-27 10:14:00+00:00
ACC00000033,CUST000046,CURRENT,GBP,130263.68,5000,2024-09-22,,ACTIVE,BR583,2024-03-06 19:18:00+00:00
ACC00000034,CUST000008,INVESTMENT,USD,322391.64,25000,2021-09-10,,ACTIVE,BR573,2026-01-15 22:38:00+00:00
ACC00000035,CUST000109,SAVINGS,EUR,444016.0,25000,2017-10-22,,CLOSED,BR315,2026-04-26 14:37:00+00:00
ACC00000036,CUST000211,CURRENT,GBP,54055.07,25000,2017-03-25,,ACTIVE,BR438,2025-03-06 20:38:00+00:00
ACC00000037,CUST000393,SAVINGS,GBP,309461.83,50000,2022-04-18,,ACTIVE,BR864,2024-12-02 17:24:00+00:00
ACC00000038,CUST000250,CURRENT,USD,321320.81,10000,2016-06-04,,ACTIVE,BR837,2025-05-02 17:00:00+00:00
ACC00000039,CUST000186,SAVINGS,GBP,221404.32,10000,2019-02-23,,ACTIVE,BR972,2024-12-17 10:20:00+00:00
ACC00000040,CUST000349,SAVINGS,GBP,215296.15,50000,2024-02-03,,ACTIVE,BR238,2024-12-20 14:09:00+00:00
ACC00000041,CUST000016,SAVINGS,USD,76473.39,0,2015-06-11,,CLOSED,BR268,2025-04-18 23:31:00+00:00
ACC00000042,CUST000041,LOAN,USD,361735.61,50000,2023-10-31,,ACTIVE,BR636,2024-08-03 17:44:00+00:00
ACC00000043,CUST000376,CURRENT,GBP,231966.42,0,2025-12-16,,ACTIVE,BR832,2024-06-23 21:24:00+00:00
ACC00000044,CUST000074,SAVINGS,GBP,216245.9,5000,2016-06-07,,ACTIVE,BR949,2024-09-18 12:02:00+00:00
ACC00000045,CUST000134,CURRENT,GBP,251356.15,5000,2017-10-13,,ACTIVE,BR585,2025-11-07 18:05:00+00:00
ACC00000046,CUST000197,CURRENT,GBP,291767.65,10000,2019-08-27,,CLOSED,BR110,2025-10-08 15:35:00+00:00
ACC00000047,CUST000272,CURRENT,USD,340911.91,50000,2017-08-19,2023-03-20,ACTIVE,BR425,2024-12-19 02:13:00+00:00
ACC00000048,CUST000091,CURRENT,USD,460476.48,50000,2019-01-20,,ACTIVE,BR526,2026-02-04 16:23:00+00:00
ACC00000049,CUST000448,CURRENT,GBP,425994.16,50000,2019-01-14,,ACTIVE,BR283,2024-11-07 09:48:00+00:00
ACC00000050,CUST000126,SAVINGS,USD,356175.58,50000,2015-02-13,,ACTIVE,BR253,2024-11-18 14:43:00+00:00
ACC00000051,CUST000191,SAVINGS,GBP,231575.98,25000,2025-01-11,,DORMANT,BR581,2025-04-23 00:09:00+00:00
ACC00000052,CUST000007,SAVINGS,GBP,441002.56,25000,2022-01-18,,ACTIVE,BR168,2025-10-01 18:10:00+00:00
ACC00000053,CUST000488,LOAN,GBP,360112.48,5000,2017-10-04,,ACTIVE,BR105,2025-10-01 11:36:00+00:00
ACC00000054,CUST000358,CURRENT,GBP,192137.47,25000,2015-11-17,,ACTIVE,BR419,2025-03-17 13:48:00+00:00
ACC00000055,CUST000193,SAVINGS,GBP,205514.84,0,2017-11-21,,CLOSED,BR818,2024-01-24 09:35:00+00:00
ACC00000056,CUST000488,CURRENT,GBP,470304.48,50000,2019-08-17,,ACTIVE,BR292,2026-01-31 15:15:00+00:00
ACC00000057,CUST000124,CURRENT,USD,324512.59,25000,2018-08-13,,ACTIVE,BR304,2025-01-19 17:08:00+00:00
ACC00000058,CUST000498,CURRENT,GBP,176929.06,5000,2016-12-20,,FROZEN,BR810,2025-01-22 19:54:00+00:00
ACC00000059,CUST000100,SAVINGS,EUR,233524.05,25000,2020-10-04,,DORMANT,BR196,2024-05-06 03:25:00+00:00
ACC00000060,CUST000368,SAVINGS,GBP,485325.53,0,2015-10-14,,ACTIVE,BR650,2024-08-11 06:07:00+00:00
ACC00000061,CUST000047,LOAN,GBP,76823.01,10000,2016-11-24,,ACTIVE,BR569,2025-08-07 09:11:00+00:00
ACC00000062,CUST000334,SAVINGS,GBP,99640.34,50000,2017-10-18,,DORMANT,BR438,2024-06-11 23:25:00+00:00
ACC00000063,CUST000105,SAVINGS,USD,343802.26,25000,2021-09-11,,ACTIVE,BR196,2025-07-17 13:22:00+00:00
ACC00000064,CUST000195,CURRENT,USD,38526.91,10000,2023-02-26,,DORMANT,BR162,2026-02-08 06:26:00+00:00
ACC00000065,CUST000481,CURRENT,GBP,238859.33,0,2018-11-06,,ACTIVE,BR739,2025-09-05 08:20:00+00:00
ACC00000066,CUST000469,SAVINGS,USD,82512.01,5000,2024-06-27,2021-03-07,ACTIVE,BR579,2026-02-27 11:40:00+00:00
ACC00000067,CUST000080,CURRENT,EUR,73938.62,0,2015-01-01,,ACTIVE,BR708,2024-04-18 21:56:00+00:00
ACC00000068,CUST000365,CURRENT,USD,243553.8,50000,2020-07-27,,ACTIVE,BR260,2025-12-04 20:48:00+00:00
ACC00000069,CUST000373,LOAN,USD,395708.64,5000,2021-09-28,,ACTIVE,BR168,2025-10-13 10:32:00+00:00
ACC00000070,CUST000275,CURRENT,USD,471242.62,0,2016-01-14,,DORMANT,BR458,2025-07-02 17:25:00+00:00
ACC00000071,CUST000062,SAVINGS,USD,244331.16,50000,2021-07-31,,ACTIVE,BR751,2024-08-18 12:31:00+00:00
ACC00000072,CUST000241,SAVINGS,GBP,113533.05,25000,2024-12-23,,ACTIVE,BR672,2026-02-13 14:18:00+00:00
ACC00000073,CUST000150,INVESTMENT,EUR,276199.41,0,2018-02-19,,ACTIVE,BR331,2026-04-25 14:10:00+00:00
ACC00000074,CUST000181,INVESTMENT,GBP,499626.92,5000,2025-12-31,,DORMANT,BR453,2024-06-30 12:18:00+00:00
ACC00000075,CUST000027,SAVINGS,GBP,176187.31,5000,2022-01-07,,CLOSED,BR743,2024-01-04 17:53:00+00:00
ACC00000076,CUST000334,INVESTMENT,GBP,126708.04,0,2022-11-24,,ACTIVE,BR114,2024-12-08 14:41:00+00:00
ACC00000077,CUST000487,INVESTMENT,GBP,336848.57,25000,2019-09-16,,ACTIVE,BR297,2024-06-25 21:58:00+00:00
ACC00000078,CUST000118,SAVINGS,USD,83230.97,10000,2017-03-22,,ACTIVE,BR381,2024-04-10 12:37:00+00:00
ACC00000079,CUST000218,SAVINGS,GBP,429028.14,5000,2016-01-02,,FROZEN,BR391,2025-10-30 13:26:00+00:00
ACC00000080,CUST000008,SAVINGS,GBP,249256.84,5000,2020-04-26,,ACTIVE,BR940,2025-02-24 06:40:00+00:00
ACC00000081,CUST000398,LOAN,EUR,402441.85,10000,2015-10-28,,ACTIVE,BR988,2024-01-30 19:14:00+00:00
ACC00000082,CUST000293,LOAN,GBP,165556.05,50000,2019-03-21,,ACTIVE,BR536,2024-05-21 19:39:00+00:00
ACC00000083,CUST000198,CURRENT,EUR,52554.49,0,2018-03-06,,ACTIVE,BR698,2025-05-30 02:38:00+00:00
ACC00000084,CUST000122,INVESTMENT,GBP,109478.58,25000,2021-09-21,,ACTIVE,BR846,2025-08-07 23:26:00+00:00
ACC00000085,CUST000485,INVESTMENT,GBP,278800.63,0,2019-10-30,,ACTIVE,BR413,2024-01-24 10:39:00+00:00
ACC00000086,CUST000291,CURRENT,USD,240614.48,10000,2018-01-04,,ACTIVE,BR476,2024-09-12 05:36:00+00:00
ACC00000087,CUST000346,SAVINGS,GBP,496799.73,50000,2019-11-05,,DORMANT,BR739,2025-10-02 15:43:00+00:00
ACC00000088,CUST000345,INVESTMENT,GBP,391367.33,0,2023-01-20,,DORMANT,BR885,2024-04-03 11:01:00+00:00
ACC00000089,CUST000078,CURRENT,USD,383533.82,5000,2021-03-22,,ACTIVE,BR512,2026-01-30 19:56:00+00:00
ACC00000090,CUST000386,CURRENT,USD,383897.92,10000,2017-11-18,,ACTIVE,BR360,2026-03-19 20:24:00+00:00
ACC00000091,CUST000125,CURRENT,GBP,276296.29,25000,2024-06-19,2021-09-29,ACTIVE,BR674,2025-07-19 16:55:00+00:00
ACC00000092,CUST000250,CURRENT,GBP,447640.44,25000,2016-09-01,,ACTIVE,BR654,2024-07-16 05:29:00+00:00
ACC00000093,CUST000343,SAVINGS,EUR,425971.11,5000,2020-09-19,,ACTIVE,BR756,2025-01-12 23:55:00+00:00
ACC00000094,CUST000170,SAVINGS,GBP,436216.32,0,2020-11-05,,DORMANT,BR775,2024-09-02 05:30:00+00:00
ACC00000095,CUST000485,SAVINGS,USD,300166.19,5000,2023-07-25,,DORMANT,BR307,2025-12-30 06:20:00+00:00
ACC00000096,CUST000380,CURRENT,GBP,47591.72,50000,2018-08-30,,ACTIVE,BR179,2024-05-15 09:04:00+00:00
ACC00000097,CUST000031,CURRENT,GBP,20463.13,25000,2023-12-22,,ACTIVE,BR706,2024-02-01 06:36:00+00:00
ACC00000098,CUST000178,CURRENT,GBP,472865.2,25000,2025-03-25,,ACTIVE,BR256,2025-04-17 14:15:00+00:00
ACC00000099,CUST000077,CURRENT,GBP,398488.38,0,2016-11-13,,ACTIVE,BR205,2025-12-01 19:28:00+00:00
ACC00000100,CUST000269,CURRENT,GBP,481136.79,25000,2020-09-13,,ACTIVE,BR848,2024-09-04 05:29:00+00:00
ACC00000101,CUST000054,SAVINGS,GBP,376660.99,5000,2024-07-16,,ACTIVE,BR321,2025-05-27 20:07:00+00:00
ACC00000102,CUST000244,LOAN,USD,487203.18,5000,2018-03-19,,CLOSED,BR386,2026-04-02 19:53:00+00:00
ACC00000103,CUST000159,CURRENT,GBP,389734.46,5000,2019-07-28,,ACTIVE,BR282,2024-12-05 05:15:00+00:00
ACC00000104,CUST000280,CURRENT,GBP,302876.2,10000,2016-08-01,2024-09-28,ACTIVE,BR369,2025-04-18 23:04:00+00:00
ACC00000105,CUST000323,CURRENT,EUR,428485.64,25000,2021-01-15,,DORMANT,BR677,2024-01-08 23:02:00+00:00
ACC00000106,CUST000174,LOAN,GBP,46443.36,25000,2019-04-28,,ACTIVE,BR204,2025-11-29 21:26:00+00:00
ACC00000107,CUST000446,CURRENT,GBP,279048.8,5000,2023-05-07,,ACTIVE,BR229,2025-06-16 15:55:00+00:00
ACC00000108,CUST000367,CURRENT,GBP,251189.39,50000,2018-09-05,,ACTIVE,BR916,2025-01-29 02:50:00+00:00
ACC00000109,CUST000011,SAVINGS,GBP,79358.38,50000,2024-05-31,,ACTIVE,BR634,2025-03-03 08:56:00+00:00
ACC00000110,CUST000189,CURRENT,GBP,54619.97,10000,2018-06-11,,ACTIVE,BR701,2026-01-03 17:07:00+00:00
ACC00000111,CUST000363,LOAN,USD,98720.05,50000,2022-02-04,,ACTIVE,BR760,2026-01-02 19:41:00+00:00
ACC00000112,CUST000126,SAVINGS,GBP,177627.41,5000,2024-09-22,,ACTIVE,BR884,2025-06-30 22:01:00+00:00
ACC00000113,CUST000020,INVESTMENT,GBP,362816.39,50000,2023-07-02,,ACTIVE,BR492,2025-03-25 15:52:00+00:00
ACC00000114,CUST000354,CURRENT,USD,352622.5,25000,2015-08-01,,ACTIVE,BR438,2026-01-13 01:18:00+00:00
ACC00000115,CUST000280,CURRENT,GBP,379792.17,10000,2020-07-20,,ACTIVE,BR689,2026-04-11 12:53:00+00:00
ACC00000116,CUST000272,LOAN,GBP,246687.46,5000,2016-09-27,,ACTIVE,BR890,2026-04-22 23:49:00+00:00
ACC00000117,CUST000246,LOAN,USD,434598.82,0,2021-01-21,,ACTIVE,BR973,2024-02-10 11:25:00+00:00
ACC00000118,CUST000284,LOAN,GBP,72919.34,5000,2017-10-17,,ACTIVE,BR706,2026-01-03 16:40:00+00:00
ACC00000119,CUST000272,SAVINGS,GBP,178687.14,25000,2017-06-20,,ACTIVE,BR719,2025-10-27 14:27:00+00:00
ACC00000120,CUST000162,INVESTMENT,GBP,408676.2,0,2024-02-15,,ACTIVE,BR383,2026-03-17 03:06:00+00:00
ACC00000121,CUST000235,SAVINGS,USD,57106.65,25000,2016-06-24,,ACTIVE,BR926,2024-05-29 08:48:00+00:00
ACC00000122,CUST000434,CURRENT,USD,96954.62,50000,2022-05-22,,ACTIVE,BR854,2026-04-25 18:48:00+00:00
ACC00000123,CUST000300,CURRENT,USD,484666.52,5000,2016-12-29,,ACTIVE,BR992,2026-03-21 03:46:00+00:00
ACC00000124,CUST000431,LOAN,GBP,383455.75,50000,2023-02-20,,CLOSED,BR730,2024-06-22 11:26:00+00:00
ACC00000125,CUST000081,CURRENT,GBP,-1673.28,10000,2022-06-25,,CLOSED,BR784,2025-11-03 10:09:00+00:00
ACC00000126,CUST000266,CURRENT,USD,416580.75,50000,2021-02-16,,ACTIVE,BR584,2024-09-05 15:13:00+00:00
ACC00000127,CUST000225,CURRENT,USD,234199.98,25000,2018-04-13,,ACTIVE,BR314,2024-09-27 03:21:00+00:00
ACC00000128,CUST000410,CURRENT,GBP,139812.94,25000,2020-01-24,,ACTIVE,BR272,2025-10-19 22:04:00+00:00
ACC00000129,CUST000271,CURRENT,USD,81487.21,25000,2021-02-19,,DORMANT,BR102,2025-04-14 22:31:00+00:00
ACC00000130,CUST000228,SAVINGS,EUR,129337.89,50000,2015-03-22,,CLOSED,BR902,2026-02-09 07:48:00+00:00
ACC00000131,CUST000388,SAVINGS,GBP,356175.87,0,2017-03-13,2022-03-24,ACTIVE,BR337,2024-09-23 10:18:00+00:00
ACC00000132,CUST000253,CURRENT,USD,204579.35,0,2023-06-17,,ACTIVE,BR321,2025-12-06 14:21:00+00:00
ACC00000133,CUST000367,INVESTMENT,GBP,312867.4,10000,2019-12-26,,DORMANT,BR193,2026-03-17 14:44:00+00:00
ACC00000134,CUST000442,SAVINGS,USD,118952.9,25000,2023-06-29,,CLOSED,BR922,2024-09-21 18:17:00+00:00
ACC00000135,CUST000310,CURRENT,EUR,375369.16,10000,2017-05-10,,ACTIVE,BR729,2025-08-31 01:48:00+00:00
ACC00000136,CUST000183,CURRENT,EUR,262473.39,10000,2017-10-08,,ACTIVE,BR250,2024-05-23 04:33:00+00:00
ACC00000137,CUST000311,CURRENT,USD,392543.95,25000,2018-12-10,,ACTIVE,BR246,2024-10-22 00:14:00+00:00
ACC00000138,CUST000161,CURRENT,GBP,64687.14,50000,2021-11-16,,ACTIVE,BR268,2025-01-14 18:23:00+00:00
ACC00000139,CUST000032,SAVINGS,USD,211555.54,5000,2025-12-24,,ACTIVE,BR586,2025-12-31 09:19:00+00:00
ACC00000140,CUST000484,INVESTMENT,GBP,458600.13,25000,2017-02-21,,ACTIVE,BR995,2026-01-03 05:36:00+00:00
ACC00000141,CUST000410,CURRENT,USD,448522.96,5000,2022-10-29,,CLOSED,BR100,2025-10-11 09:30:00+00:00
ACC00000142,CUST000095,SAVINGS,GBP,475679.47,5000,2021-04-29,,ACTIVE,BR431,2025-12-31 14:43:00+00:00
ACC00000143,CUST000342,SAVINGS,USD,255658.42,50000,2021-01-29,,ACTIVE,BR179,2024-10-28 04:47:00+00:00
ACC00000144,CUST000383,LOAN,EUR,339510.31,25000,2017-03-22,,ACTIVE,BR153,2026-04-04 22:08:00+00:00
ACC00000145,CUST000078,SAVINGS,GBP,471588.83,25000,2016-01-28,,ACTIVE,BR240,2024-05-30 19:18:00+00:00
ACC00000146,CUST000142,CURRENT,GBP,218502.24,25000,2018-10-30,,ACTIVE,BR623,2025-01-28 08:40:00+00:00
ACC00000147,CUST000205,SAVINGS,GBP,383926.69,5000,2022-02-18,,ACTIVE,BR926,2024-08-21 00:54:00+00:00
ACC00000148,CUST000162,SAVINGS,USD,357401.0,50000,2023-09-27,,ACTIVE,BR550,2024-08-04 18:19:00+00:00
ACC00000149,CUST000049,SAVINGS,GBP,256261.09,0,2019-01-20,2025-01-19,ACTIVE,BR535,2024-05-31 18:00:00+00:00
ACC00000150,CUST000330,CURRENT,GBP,30138.5,25000,2022-09-28,,ACTIVE,BR780,2024-09-22 11:46:00+00:00
ACC00000151,CUST000022,SAVINGS,GBP,165843.33,0,2024-01-12,,CLOSED,BR583,2025-06-04 23:55:00+00:00
ACC00000152,CUST000469,SAVINGS,GBP,197833.69,5000,2025-09-11,,ACTIVE,BR434,2025-06-13 12:30:00+00:00
ACC00000153,CUST000090,SAVINGS,GBP,385048.18,5000,2017-11-11,,DORMANT,BR409,2025-09-25 05:22:00+00:00
ACC00000154,CUST000016,SAVINGS,GBP,214206.5,10000,2020-10-23,,ACTIVE,BR612,2025-10-21 04:37:00+00:00
ACC00000155,CUST000054,SAVINGS,USD,193599.46,50000,2015-03-19,2022-02-07,ACTIVE,BR878,2025-05-28 10:33:00+00:00
ACC00000156,CUST000096,SAVINGS,GBP,13732.34,10000,2018-06-27,,CLOSED,BR220,2025-01-18 12:55:00+00:00
ACC00000157,CUST000016,SAVINGS,GBP,460872.03,0,2017-11-01,,CLOSED,BR346,2025-05-11 20:10:00+00:00
ACC00000158,CUST000321,INVESTMENT,GBP,71230.81,5000,2018-03-14,,ACTIVE,BR673,2025-06-21 15:11:00+00:00
ACC00000159,CUST000195,SAVINGS,GBP,285151.42,25000,2023-07-01,,ACTIVE,BR502,2025-05-10 12:00:00+00:00
ACC00000160,CUST000245,CURRENT,USD,488755.15,25000,2020-12-30,,ACTIVE,BR486,2025-11-15 02:21:00+00:00
ACC00000161,CUST000312,CURRENT,USD,489923.77,50000,2016-03-09,,FROZEN,BR892,2024-08-18 09:13:00+00:00
ACC00000162,CUST000296,INVESTMENT,USD,398530.74,0,2023-04-21,,CLOSED,BR494,2024-08-17 04:17:00+00:00
ACC00000163,CUST000025,SAVINGS,GBP,437285.73,10000,2020-08-02,,ACTIVE,BR823,2025-09-15 23:50:00+00:00
ACC00000164,CUST000111,CURRENT,GBP,486193.88,0,2024-05-19,2024-01-30,ACTIVE,BR585,2024-05-02 20:12:00+00:00
ACC00000165,CUST000359,CURRENT,EUR,206749.18,0,2025-04-08,2023-06-11,ACTIVE,BR463,2024-12-31 15:29:00+00:00
ACC00000166,CUST000007,INVESTMENT,GBP,442320.34,50000,2019-02-08,,ACTIVE,BR419,2025-08-06 20:58:00+00:00
ACC00000167,CUST000461,CURRENT,USD,348899.15,10000,2024-11-04,,CLOSED,BR958,2024-01-13 23:54:00+00:00
ACC00000168,CUST000328,CURRENT,USD,436140.91,25000,2022-12-09,,ACTIVE,BR634,2026-04-18 16:57:00+00:00
ACC00000169,CUST000465,SAVINGS,USD,359383.28,25000,2025-07-06,,ACTIVE,BR424,2024-08-21 23:12:00+00:00
ACC00000170,CUST000417,SAVINGS,EUR,153416.09,5000,2026-04-07,,ACTIVE,BR643,2025-01-07 21:02:00+00:00
ACC00000171,CUST000235,CURRENT,GBP,168799.47,10000,2021-06-07,,ACTIVE,BR180,2025-02-12 20:06:00+00:00
ACC00000172,CUST000320,SAVINGS,GBP,412636.8,5000,2021-03-09,,ACTIVE,BR719,2024-12-03 16:04:00+00:00
ACC00000173,CUST000181,CURRENT,USD,449605.3,50000,2024-08-05,,ACTIVE,BR962,2024-10-04 17:34:00+00:00
ACC00000174,CUST000372,SAVINGS,USD,303252.54,0,2020-02-18,,ACTIVE,BR319,2026-01-29 17:55:00+00:00
ACC00000175,CUST000446,SAVINGS,GBP,69165.21,25000,2021-11-05,,DORMANT,BR270,2024-03-22 01:28:00+00:00
ACC00000176,CUST000412,SAVINGS,GBP,198988.73,0,2016-12-13,,CLOSED,BR748,2025-08-03 16:15:00+00:00
ACC00000177,CUST000398,SAVINGS,USD,320159.07,0,2021-11-08,,ACTIVE,BR953,2024-09-07 08:51:00+00:00
ACC00000178,CUST000030,CURRENT,GBP,443227.78,25000,2024-02-13,,ACTIVE,BR384,2026-01-27 05:44:00+00:00
ACC00000179,CUST000309,SAVINGS,GBP,310301.64,25000,2022-01-05,,ACTIVE,BR828,2025-10-28 07:14:00+00:00
ACC00000180,CUST000265,CURRENT,USD,307184.67,10000,2017-01-08,,DORMANT,BR246,2025-12-07 22:29:00+00:00
ACC00000181,CUST000368,CURRENT,EUR,218282.63,25000,2016-10-13,,ACTIVE,BR960,2024-06-30 01:38:00+00:00
ACC00000182,CUST000418,CURRENT,USD,169351.56,5000,2016-09-20,,DORMANT,BR547,2024-09-29 17:17:00+00:00
ACC00000183,CUST000039,CURRENT,USD,404974.69,25000,2020-05-20,,ACTIVE,BR673,2024-04-03 23:12:00+00:00
ACC00000184,CUST000108,SAVINGS,GBP,322622.29,0,2017-02-06,,ACTIVE,BR552,2026-01-20 02:57:00+00:00
ACC00000185,CUST000260,CURRENT,GBP,386577.17,0,2018-09-14,,ACTIVE,BR601,2024-05-15 16:19:00+00:00
ACC00000186,CUST000051,SAVINGS,GBP,439892.21,10000,2016-04-15,,ACTIVE,BR811,2024-03-03 06:14:00+00:00
ACC00000187,CUST000116,CURRENT,GBP,37561.87,0,2016-11-23,,ACTIVE,BR907,2024-09-06 18:48:00+00:00
ACC00000188,CUST000193,CURRENT,USD,266403.91,5000,2021-05-30,,ACTIVE,BR356,2025-08-18 15:29:00+00:00
ACC00000189,CUST000097,SAVINGS,GBP,191946.74,10000,2026-01-20,,ACTIVE,BR801,2024-04-10 17:56:00+00:00
ACC00000190,CUST000329,SAVINGS,GBP,358034.67,25000,2015-03-29,,ACTIVE,BR223,2026-03-11 01:20:00+00:00
ACC00000191,CUST000286,INVESTMENT,GBP,439337.19,25000,2024-07-05,,ACTIVE,BR671,2026-03-19 20:04:00+00:00
ACC00000192,CUST000474,SAVINGS,GBP,257837.2,25000,2018-01-22,,ACTIVE,BR545,2024-07-20 15:07:00+00:00
ACC00000193,CUST000280,SAVINGS,USD,268099.06,0,2025-10-04,,DORMANT,BR767,2025-03-28 02:30:00+00:00
ACC00000194,CUST000280,CURRENT,USD,102935.93,0,2026-03-02,,FROZEN,BR456,2024-07-21 03:34:00+00:00
ACC00000195,CUST000374,CURRENT,GBP,253394.16,50000,2017-10-18,,ACTIVE,BR282,2025-08-26 06:38:00+00:00
ACC00000196,CUST000384,SAVINGS,USD,152687.47,5000,2024-02-04,,ACTIVE,BR125,2025-05-13 09:36:00+00:00
ACC00000197,CUST000289,CURRENT,USD,167057.98,25000,2015-04-24,,ACTIVE,BR986,2024-01-10 18:27:00+00:00
ACC00000198,CUST000338,CURRENT,EUR,316021.18,5000,2019-04-07,,ACTIVE,BR474,2024-04-24 23:56:00+00:00
ACC00000199,CUST000352,SAVINGS,GBP,6827.98,25000,2015-03-01,,ACTIVE,BR975,2025-03-29 20:12:00+00:00
ACC00000200,CUST000214,CURRENT,USD,444611.27,10000,2024-07-13,,ACTIVE,BR577,2025-08-26 20:39:00+00:00
ACC00000201,CUST000053,INVESTMENT,EUR,267665.98,5000,2022-09-27,,ACTIVE,BR889,2026-02-12 14:00:00+00:00
ACC00000202,CUST000397,INVESTMENT,EUR,125638.54,5000,2020-06-23,2023-04-02,ACTIVE,BR786,2024-09-14 13:38:00+00:00
ACC00000203,CUST000275,SAVINGS,GBP,415275.64,0,2015-12-13,,DORMANT,BR454,2024-10-04 15:40:00+00:00
ACC00000204,CUST000253,LOAN,GBP,148490.76,50000,2025-01-23,,ACTIVE,BR845,2024-06-29 10:32:00+00:00
ACC00000205,CUST000329,LOAN,GBP,208486.67,0,2018-10-12,,ACTIVE,BR534,2025-05-09 16:18:00+00:00
ACC00000206,CUST000267,SAVINGS,GBP,250163.67,5000,2020-01-18,,FROZEN,BR318,2025-10-22 09:16:00+00:00
ACC00000207,CUST000300,CURRENT,GBP,364653.01,10000,2018-12-03,,ACTIVE,BR731,2025-06-28 07:21:00+00:00
ACC00000208,CUST000467,CURRENT,GBP,419999.64,0,2016-09-07,,ACTIVE,BR673,2024-10-08 21:35:00+00:00
ACC00000209,CUST000452,SAVINGS,EUR,126177.01,50000,2023-03-26,,DORMANT,BR997,2025-05-30 09:40:00+00:00
ACC00000210,CUST000276,SAVINGS,GBP,251287.19,25000,2017-12-28,,ACTIVE,BR295,2025-03-26 03:48:00+00:00
ACC00000211,CUST000499,CURRENT,USD,57525.57,5000,2022-12-04,,ACTIVE,BR491,2024-07-05 15:00:00+00:00
ACC00000212,CUST000423,SAVINGS,USD,377062.77,0,2016-02-22,,ACTIVE,BR483,2024-11-22 16:30:00+00:00
ACC00000213,CUST000207,LOAN,GBP,470378.23,0,2024-06-24,,ACTIVE,BR283,2025-05-22 05:11:00+00:00
ACC00000214,CUST000317,CURRENT,GBP,221612.13,10000,2026-02-11,,ACTIVE,BR865,2024-03-08 13:43:00+00:00
ACC00000215,CUST000414,CURRENT,GBP,284079.82,5000,2023-07-03,,ACTIVE,BR110,2024-11-07 03:59:00+00:00
ACC00000216,CUST000162,LOAN,USD,-2367.23,25000,2018-10-28,,ACTIVE,BR300,2025-03-29 10:40:00+00:00
ACC00000217,CUST000121,CURRENT,GBP,166185.05,10000,2023-05-16,,ACTIVE,BR552,2025-12-04 17:52:00+00:00
ACC00000218,CUST000273,CURRENT,GBP,114229.15,5000,2017-07-16,,ACTIVE,BR469,2024-07-06 06:49:00+00:00
ACC00000219,CUST000188,CURRENT,USD,371607.83,5000,2022-07-31,,ACTIVE,BR638,2024-04-21 07:13:00+00:00
ACC00000220,CUST000276,CURRENT,USD,288704.88,0,2020-08-08,,ACTIVE,BR299,2024-11-10 16:19:00+00:00
ACC00000221,CUST000373,INVESTMENT,USD,355896.8,50000,2017-08-23,,ACTIVE,BR105,2024-11-23 16:30:00+00:00
ACC00000222,CUST000181,INVESTMENT,GBP,468457.41,5000,2021-07-04,,ACTIVE,BR700,2024-04-15 21:19:00+00:00
ACC00000223,CUST000227,CURRENT,GBP,331087.88,25000,2021-09-16,,ACTIVE,BR417,2025-09-16 06:36:00+00:00
ACC00000224,CUST000480,SAVINGS,GBP,421470.36,0,2025-11-01,,ACTIVE,BR436,2025-11-19 04:20:00+00:00
ACC00000225,CUST000001,CURRENT,GBP,113088.14,50000,2021-08-01,,ACTIVE,BR196,2024-06-09 06:49:00+00:00
ACC00000226,CUST000018,CURRENT,GBP,146096.81,0,2020-12-08,2024-08-25,ACTIVE,BR477,2025-02-09 05:54:00+00:00
ACC00000227,CUST000143,SAVINGS,GBP,331795.8,25000,2019-10-12,2020-04-17,CLOSED,BR359,2024-06-10 19:42:00+00:00
ACC00000228,CUST000009,CURRENT,GBP,406615.01,10000,2015-01-19,,ACTIVE,BR614,2024-06-09 10:33:00+00:00
ACC00000229,CUST000068,CURRENT,USD,284246.7,25000,2023-10-30,,ACTIVE,BR113,2025-04-30 20:38:00+00:00
ACC00000230,CUST000446,SAVINGS,GBP,65685.6,0,2019-11-17,,CLOSED,BR721,2026-03-18 13:49:00+00:00
ACC00000231,CUST000004,CURRENT,GBP,185721.19,50000,2021-11-02,,ACTIVE,BR379,2026-01-13 08:14:00+00:00
ACC00000232,CUST000493,CURRENT,USD,367443.72,0,2015-10-18,,ACTIVE,BR134,2024-09-26 15:59:00+00:00
ACC00000233,CUST000108,SAVINGS,EUR,48139.6,0,2025-05-21,,ACTIVE,BR762,2026-05-04 09:23:00+00:00
ACC00000234,CUST000158,INVESTMENT,USD,255808.17,25000,2025-12-13,,ACTIVE,BR381,2024-05-28 09:21:00+00:00
ACC00000235,CUST000386,CURRENT,GBP,92240.41,5000,2016-04-16,,ACTIVE,BR757,2026-01-14 11:53:00+00:00
ACC00000236,CUST000472,SAVINGS,GBP,388167.5,5000,2022-12-24,,ACTIVE,BR590,2026-02-02 10:28:00+00:00
ACC00000237,CUST000412,CURRENT,USD,224426.34,10000,2015-02-18,,ACTIVE,BR507,2024-11-11 13:36:00+00:00
ACC00000238,CUST000460,LOAN,GBP,69009.39,5000,2025-04-29,,ACTIVE,BR144,2025-02-06 13:00:00+00:00
ACC00000239,CUST000256,SAVINGS,GBP,209974.53,5000,2022-05-15,,CLOSED,BR812,2026-02-19 12:03:00+00:00
ACC00000240,CUST000286,SAVINGS,GBP,203086.74,0,2021-09-10,,ACTIVE,BR821,2025-02-22 11:41:00+00:00
ACC00000241,CUST000286,CURRENT,USD,41585.55,0,2022-12-09,,ACTIVE,BR359,2026-04-04 04:29:00+00:00
ACC00000242,CUST000048,CURRENT,USD,209567.8,25000,2017-05-27,,ACTIVE,BR380,2026-02-24 08:01:00+00:00
ACC00000243,CUST000231,LOAN,USD,60681.98,0,2015-02-12,,ACTIVE,BR740,2026-04-18 22:12:00+00:00
ACC00000244,CUST000079,CURRENT,GBP,103466.12,0,2022-11-04,,ACTIVE,BR158,2024-08-01 21:45:00+00:00
ACC00000245,CUST000133,SAVINGS,GBP,34426.71,10000,2019-03-06,,CLOSED,BR685,2024-09-19 09:53:00+00:00
ACC00000246,CUST000445,CURRENT,GBP,336795.33,5000,2024-01-07,,ACTIVE,BR943,2025-01-17 00:20:00+00:00
ACC00000247,CUST000125,SAVINGS,GBP,198390.62,0,2022-12-14,,ACTIVE,BR131,2025-03-13 12:20:00+00:00
ACC00000248,CUST000129,CURRENT,USD,277279.07,5000,2015-03-14,,ACTIVE,BR983,2025-07-25 17:47:00+00:00
ACC00000249,CUST000151,SAVINGS,GBP,388306.48,0,2017-04-10,,ACTIVE,BR835,2024-07-23 06:39:00+00:00
ACC00000250,CUST000286,SAVINGS,GBP,435367.47,5000,2024-08-30,,DORMANT,BR582,2025-05-30 14:54:00+00:00
ACC00000251,CUST000285,SAVINGS,GBP,290073.41,5000,2026-01-13,,ACTIVE,BR722,2024-10-07 03:04:00+00:00
ACC00000252,CUST000109,SAVINGS,GBP,316412.88,0,2019-06-07,,CLOSED,BR747,2024-09-05 05:20:00+00:00
ACC00000253,CUST000039,INVESTMENT,GBP,498238.45,25000,2016-11-25,,ACTIVE,BR565,2026-01-10 15:46:00+00:00
ACC00000254,CUST000163,CURRENT,GBP,342954.02,50000,2018-06-13,,ACTIVE,BR602,2025-08-30 15:02:00+00:00
ACC00000255,CUST000242,CURRENT,GBP,473649.12,0,2024-03-18,,ACTIVE,BR277,2026-03-10 21:24:00+00:00
ACC00000256,CUST000245,CURRENT,GBP,364517.07,10000,2017-10-11,,ACTIVE,BR584,2025-12-05 22:31:00+00:00
ACC00000257,CUST000450,CURRENT,GBP,205545.79,10000,2025-12-06,,ACTIVE,BR867,2024-09-12 08:38:00+00:00
ACC00000258,CUST000352,CURRENT,GBP,77235.6,50000,2015-02-26,,ACTIVE,BR995,2025-08-23 12:03:00+00:00
ACC00000259,CUST000410,SAVINGS,GBP,250421.87,5000,2018-06-28,,ACTIVE,BR763,2024-04-13 01:40:00+00:00
ACC00000260,CUST000048,SAVINGS,USD,239806.02,50000,2020-08-11,,ACTIVE,BR868,2024-12-16 08:34:00+00:00
ACC00000261,CUST000322,CURRENT,USD,226144.96,5000,2020-01-27,,DORMANT,BR658,2025-01-13 14:59:00+00:00
ACC00000262,CUST000019,SAVINGS,GBP,483856.06,50000,2025-07-22,,ACTIVE,BR926,2024-10-18 03:30:00+00:00
ACC00000263,CUST000405,CURRENT,GBP,254158.67,25000,2023-11-13,,ACTIVE,BR206,2024-05-17 23:04:00+00:00
ACC00000264,CUST000191,CURRENT,GBP,262216.26,25000,2023-05-25,,ACTIVE,BR139,2024-11-28 23:26:00+00:00
ACC00000265,CUST000391,SAVINGS,GBP,345707.71,0,2021-09-17,2026-02-04,ACTIVE,BR478,2026-04-24 04:55:00+00:00
ACC00000266,CUST000461,CURRENT,GBP,224993.35,5000,2023-03-05,,DORMANT,BR129,2024-06-03 18:19:00+00:00
ACC00000267,CUST000168,SAVINGS,USD,11466.73,5000,2024-08-09,,ACTIVE,BR727,2025-08-10 06:35:00+00:00
ACC00000268,CUST000440,LOAN,GBP,74204.05,0,2019-02-01,,ACTIVE,BR830,2024-03-31 14:15:00+00:00
ACC00000269,CUST000218,CURRENT,USD,277308.48,10000,2021-01-16,,ACTIVE,BR256,2024-12-01 18:34:00+00:00
ACC00000270,CUST000466,SAVINGS,USD,460457.16,10000,2017-06-09,,ACTIVE,BR822,2026-02-20 21:16:00+00:00
ACC00000271,CUST000061,CURRENT,GBP,54976.86,5000,2024-11-01,,ACTIVE,BR853,2025-07-24 16:52:00+00:00
ACC00000272,CUST000386,INVESTMENT,GBP,425420.49,0,2024-11-08,,ACTIVE,BR281,2024-10-25 22:01:00+00:00
ACC00000273,CUST000374,CURRENT,EUR,50719.76,25000,2018-08-18,,ACTIVE,BR991,2024-05-23 02:55:00+00:00
ACC00000274,CUST000425,SAVINGS,GBP,181640.91,10000,2018-02-19,,ACTIVE,BR971,2026-03-15 22:45:00+00:00
ACC00000275,CUST000465,CURRENT,GBP,141243.24,0,2022-12-07,,ACTIVE,BR234,2026-01-26 10:54:00+00:00
ACC00000276,CUST000317,SAVINGS,GBP,259002.64,25000,2024-09-25,,ACTIVE,BR184,2025-01-04 14:47:00+00:00
ACC00000277,CUST000317,SAVINGS,GBP,54459.82,5000,2015-02-17,,ACTIVE,BR529,2024-08-07 05:20:00+00:00
ACC00000278,CUST000028,LOAN,GBP,148986.92,25000,2023-01-21,,DORMANT,BR954,2025-04-24 07:29:00+00:00
ACC00000279,CUST000263,CURRENT,GBP,184102.18,5000,2019-06-14,,CLOSED,BR966,2025-01-05 10:12:00+00:00
ACC00000280,CUST000160,CURRENT,USD,143460.55,0,2017-06-25,,CLOSED,BR222,2025-11-24 22:16:00+00:00
ACC00000281,CUST000283,CURRENT,USD,9128.78,10000,2019-04-02,,DORMANT,BR157,2024-09-18 19:47:00+00:00
ACC00000282,CUST000164,CURRENT,GBP,67149.04,50000,2021-05-22,,ACTIVE,BR554,2024-01-24 04:07:00+00:00
ACC00000283,CUST000349,SAVINGS,GBP,390815.21,10000,2015-11-26,,ACTIVE,BR752,2025-10-19 13:27:00+00:00
ACC00000284,CUST000077,CURRENT,GBP,207987.27,0,2017-12-31,,ACTIVE,BR827,2025-02-09 15:51:00+00:00
ACC00000285,CUST000337,CURRENT,GBP,468094.43,0,2023-11-07,,DORMANT,BR163,2024-02-19 16:03:00+00:00
ACC00000286,CUST000499,INVESTMENT,USD,149107.8,5000,2024-06-11,,ACTIVE,BR421,2025-06-08 11:01:00+00:00
ACC00000287,CUST000486,SAVINGS,GBP,138158.56,25000,2022-06-06,,ACTIVE,BR199,2025-08-02 13:02:00+00:00
ACC00000288,CUST000377,SAVINGS,GBP,87453.95,10000,2015-09-16,,ACTIVE,BR978,2025-05-31 10:50:00+00:00
ACC00000289,CUST000288,SAVINGS,GBP,368528.46,50000,2018-08-06,,ACTIVE,BR657,2025-07-05 15:18:00+00:00
ACC00000290,CUST000046,SAVINGS,GBP,-3946.69,25000,2019-06-19,,ACTIVE,BR384,2025-08-11 10:40:00+00:00
ACC00000291,CUST000216,CURRENT,GBP,271506.34,0,2025-10-01,,ACTIVE,BR973,2024-03-09 23:04:00+00:00
ACC00000292,CUST000394,SAVINGS,GBP,29120.09,50000,2020-12-17,,ACTIVE,BR298,2025-08-01 02:35:00+00:00
ACC00000293,CUST000075,CURRENT,GBP,17564.65,50000,2017-08-31,,ACTIVE,BR770,2026-03-10 03:34:00+00:00
ACC00000294,CUST000169,CURRENT,GBP,237994.1,5000,2024-06-11,,ACTIVE,BR728,2024-06-11 16:54:00+00:00
ACC00000295,CUST000238,CURRENT,GBP,151399.45,10000,2025-12-20,,DORMANT,BR855,2024-03-30 18:59:00+00:00
ACC00000296,CUST000373,INVESTMENT,GBP,223449.09,0,2026-02-11,,CLOSED,BR117,2025-04-24 19:41:00+00:00
ACC00000297,CUST000275,CURRENT,GBP,165600.74,50000,2017-11-09,,ACTIVE,BR440,2024-07-14 02:49:00+00:00
ACC00000298,CUST000132,LOAN,USD,185539.34,10000,2022-04-15,,ACTIVE,BR957,2025-12-01 13:52:00+00:00
ACC00000299,CUST000200,CURRENT,GBP,416402.29,25000,2023-12-20,,ACTIVE,BR788,2024-10-10 14:28:00+00:00
ACC00000300,CUST000218,CURRENT,GBP,416010.15,5000,2026-04-04,2020-10-28,ACTIVE,BR968,2026-01-26 04:41:00+00:00
ACC00000301,CUST000349,INVESTMENT,USD,62068.85,10000,2023-09-21,,ACTIVE,BR424,2024-12-04 02:11:00+00:00
ACC00000302,CUST000382,CURRENT,USD,64953.75,5000,2017-12-12,,ACTIVE,BR826,2025-10-25 18:21:00+00:00
ACC00000303,CUST000241,CURRENT,GBP,316412.43,10000,2017-06-17,,ACTIVE,BR273,2025-04-09 16:49:00+00:00
ACC00000304,CUST000100,SAVINGS,GBP,379647.78,25000,2017-06-02,,CLOSED,BR700,2025-12-10 23:52:00+00:00
ACC00000305,CUST000198,CURRENT,EUR,331946.48,0,2015-06-23,,ACTIVE,BR839,2025-03-18 00:25:00+00:00
ACC00000306,CUST000286,SAVINGS,GBP,70236.21,10000,2017-10-30,,ACTIVE,BR475,2025-08-11 09:00:00+00:00
ACC00000307,CUST000281,CURRENT,USD,362571.4,0,2018-06-28,,ACTIVE,BR628,2025-09-30 12:01:00+00:00
ACC00000308,CUST000499,SAVINGS,EUR,40104.07,50000,2022-09-20,,CLOSED,BR114,2024-01-09 07:20:00+00:00
ACC00000309,CUST000263,CURRENT,GBP,310509.07,50000,2026-03-20,,ACTIVE,BR780,2025-03-13 04:16:00+00:00
ACC00000310,CUST000122,CURRENT,USD,309912.68,25000,2015-04-22,,ACTIVE,BR512,2024-08-16 18:43:00+00:00
ACC00000311,CUST000134,CURRENT,GBP,190553.74,25000,2020-04-21,,ACTIVE,BR526,2026-02-25 10:34:00+00:00
ACC00000312,CUST000216,CURRENT,GBP,449623.43,50000,2016-03-02,,ACTIVE,BR957,2025-04-13 20:42:00+00:00
ACC00000313,CUST000343,CURRENT,GBP,166193.93,5000,2022-09-03,,ACTIVE,BR783,2024-07-24 18:59:00+00:00
ACC00000314,CUST000289,SAVINGS,GBP,18138.96,50000,2024-08-20,,ACTIVE,BR785,2024-12-29 22:55:00+00:00
ACC00000315,CUST000057,SAVINGS,USD,333574.14,50000,2015-03-07,,ACTIVE,BR162,2025-08-13 04:12:00+00:00
ACC00000316,CUST000207,CURRENT,USD,218763.58,0,2024-09-28,,ACTIVE,BR166,2026-03-02 04:13:00+00:00
ACC00000317,CUST000183,CURRENT,EUR,135074.43,5000,2025-10-08,,ACTIVE,BR297,2024-11-11 05:06:00+00:00
ACC00000318,CUST000096,SAVINGS,USD,39707.6,0,2021-06-29,,DORMANT,BR944,2024-01-27 17:38:00+00:00
ACC00000319,CUST000173,CURRENT,GBP,78635.46,50000,2021-04-30,2025-11-07,ACTIVE,BR879,2024-02-10 04:34:00+00:00
ACC00000320,CUST000328,CURRENT,GBP,7526.07,0,2025-11-24,,ACTIVE,BR613,2024-12-22 02:20:00+00:00
ACC00000321,CUST000385,CURRENT,GBP,313205.15,10000,2016-11-07,,ACTIVE,BR251,2024-11-18 07:42:00+00:00
ACC00000322,CUST000085,CURRENT,GBP,384655.55,5000,2024-08-14,,ACTIVE,BR846,2024-08-01 06:19:00+00:00
ACC00000323,CUST000175,CURRENT,GBP,150968.28,25000,2020-07-22,2020-04-04,ACTIVE,BR373,2024-06-16 13:17:00+00:00
ACC00000324,CUST000411,CURRENT,GBP,320805.64,5000,2018-06-03,,ACTIVE,BR185,2024-08-26 06:49:00+00:00
ACC00000325,CUST000402,CURRENT,GBP,320176.67,50000,2019-03-11,,ACTIVE,BR276,2024-12-29 00:08:00+00:00
ACC00000326,CUST000312,SAVINGS,GBP,38001.78,0,2020-08-05,,ACTIVE,BR554,2025-03-26 03:53:00+00:00
ACC00000327,CUST000221,SAVINGS,USD,477360.0,0,2021-04-22,,ACTIVE,BR145,2025-01-19 00:28:00+00:00
ACC00000328,CUST000463,CURRENT,GBP,268626.34,5000,2017-07-31,,CLOSED,BR382,2026-01-31 23:13:00+00:00
ACC00000329,CUST000117,CURRENT,GBP,377595.66,10000,2020-11-28,2021-07-21,ACTIVE,BR723,2025-01-24 01:28:00+00:00
ACC00000330,CUST000343,SAVINGS,USD,478432.87,25000,2020-07-19,,DORMANT,BR303,2025-03-25 12:12:00+00:00
ACC00000331,CUST000078,LOAN,GBP,258485.66,10000,2024-08-16,,ACTIVE,BR805,2024-07-29 12:37:00+00:00
ACC00000332,CUST000365,CURRENT,GBP,374032.08,5000,2019-06-14,,ACTIVE,BR617,2026-04-14 03:05:00+00:00
ACC00000333,CUST000043,CURRENT,GBP,248832.59,5000,2025-08-18,,CLOSED,BR519,2024-06-28 16:58:00+00:00
ACC00000334,CUST000370,CURRENT,GBP,4425.36,25000,2017-04-24,,ACTIVE,BR277,2025-08-15 23:33:00+00:00
ACC00000335,CUST000122,SAVINGS,USD,327418.48,5000,2026-04-08,,ACTIVE,BR750,2024-05-04 05:48:00+00:00
ACC00000336,CUST000311,SAVINGS,GBP,263589.02,0,2019-01-24,,ACTIVE,BR864,2024-08-02 03:31:00+00:00
ACC00000337,CUST000074,CURRENT,USD,481000.27,5000,2019-03-26,,ACTIVE,BR962,2026-01-28 19:22:00+00:00
ACC00000338,CUST000417,SAVINGS,USD,133856.08,50000,2018-05-03,,ACTIVE,BR957,2026-02-06 10:26:00+00:00
ACC00000339,CUST000144,INVESTMENT,GBP,98931.52,25000,2020-02-23,,ACTIVE,BR103,2024-07-14 06:05:00+00:00
ACC00000340,CUST000172,CURRENT,GBP,413993.73,10000,2017-09-13,,ACTIVE,BR418,2026-03-29 16:23:00+00:00
ACC00000341,CUST000403,CURRENT,GBP,418653.31,5000,2017-12-19,,DORMANT,BR380,2025-05-04 08:32:00+00:00
ACC00000342,CUST000153,CURRENT,USD,287674.14,10000,2024-01-01,,ACTIVE,BR674,2024-04-24 14:01:00+00:00
ACC00000343,CUST000236,INVESTMENT,USD,37747.21,10000,2015-11-11,,ACTIVE,BR459,2024-01-08 12:51:00+00:00
ACC00000344,CUST000166,SAVINGS,EUR,264439.65,0,2021-02-21,,ACTIVE,BR220,2025-03-06 12:54:00+00:00
ACC00000345,CUST000371,CURRENT,GBP,156817.74,50000,2019-04-24,,ACTIVE,BR449,2024-04-12 11:23:00+00:00
ACC00000346,CUST000106,LOAN,USD,292390.98,25000,2018-04-12,,ACTIVE,BR577,2024-11-13 02:27:00+00:00
ACC00000347,CUST000274,CURRENT,USD,243193.89,10000,2024-07-24,,ACTIVE,BR681,2025-10-29 09:14:00+00:00
ACC00000348,CUST000376,LOAN,USD,466593.64,0,2015-05-25,,ACTIVE,BR956,2025-12-19 02:41:00+00:00
ACC00000349,CUST000275,SAVINGS,EUR,166678.06,5000,2019-06-24,,ACTIVE,BR813,2025-10-21 12:56:00+00:00
ACC00000350,CUST000312,CURRENT,EUR,86156.54,10000,2017-01-14,,DORMANT,BR188,2025-04-27 00:17:00+00:00
ACC00000351,CUST000497,CURRENT,USD,7148.75,10000,2016-02-22,,ACTIVE,BR679,2026-01-17 20:57:00+00:00
ACC00000352,CUST000348,SAVINGS,GBP,261590.39,5000,2023-07-13,,ACTIVE,BR574,2024-11-27 01:09:00+00:00
ACC00000353,CUST000335,INVESTMENT,GBP,187915.55,5000,2024-02-19,,ACTIVE,BR190,2024-09-11 05:36:00+00:00
ACC00000354,CUST000189,SAVINGS,GBP,40967.67,50000,2021-11-15,,ACTIVE,BR219,2024-01-10 04:33:00+00:00
ACC00000355,CUST000454,CURRENT,GBP,489791.99,0,2020-03-10,,ACTIVE,BR192,2024-06-08 04:44:00+00:00
ACC00000356,CUST000264,CURRENT,USD,268598.53,5000,2019-12-22,,ACTIVE,BR286,2025-04-26 01:03:00+00:00
ACC00000357,CUST000128,CURRENT,USD,139102.62,5000,2022-07-16,,ACTIVE,BR847,2025-09-02 06:55:00+00:00
ACC00000358,CUST000031,SAVINGS,USD,87247.81,50000,2024-07-22,,ACTIVE,BR188,2026-01-27 21:18:00+00:00
ACC00000359,CUST000101,CURRENT,GBP,382993.87,25000,2025-09-30,,DORMANT,BR290,2025-01-15 19:26:00+00:00
ACC00000360,CUST000349,LOAN,USD,72884.82,50000,2016-05-17,,ACTIVE,BR425,2026-04-23 05:26:00+00:00
ACC00000361,CUST000136,CURRENT,EUR,475843.19,10000,2024-07-30,,ACTIVE,BR705,2024-06-25 05:59:00+00:00
ACC00000362,CUST000233,CURRENT,USD,337697.33,5000,2016-02-28,,ACTIVE,BR741,2025-06-15 04:47:00+00:00
ACC00000363,CUST000473,CURRENT,USD,24751.44,25000,2021-10-28,,ACTIVE,BR120,2026-04-08 21:11:00+00:00
ACC00000364,CUST000034,CURRENT,GBP,480367.28,0,2017-06-20,,ACTIVE,BR885,2025-01-08 03:50:00+00:00
ACC00000365,CUST000331,INVESTMENT,GBP,86636.21,0,2021-01-14,,ACTIVE,BR273,2024-06-15 00:31:00+00:00
ACC00000366,CUST000332,CURRENT,GBP,355216.81,25000,2023-02-26,,ACTIVE,BR907,2024-07-27 09:25:00+00:00
ACC00000367,CUST000457,CURRENT,USD,145502.29,0,2021-04-17,2025-09-25,ACTIVE,BR110,2025-10-02 11:58:00+00:00
ACC00000368,CUST000181,SAVINGS,GBP,44865.83,5000,2022-11-15,,ACTIVE,BR322,2024-09-28 19:20:00+00:00
ACC00000369,CUST000054,SAVINGS,GBP,66942.58,0,2024-05-17,,ACTIVE,BR753,2024-01-30 00:21:00+00:00
ACC00000370,CUST000147,CURRENT,GBP,445970.57,5000,2020-07-16,,DORMANT,BR483,2024-01-30 15:02:00+00:00
ACC00000371,CUST000442,INVESTMENT,GBP,125256.82,5000,2022-03-05,,ACTIVE,BR571,2026-01-22 04:58:00+00:00
ACC00000372,CUST000194,LOAN,USD,470496.65,5000,2016-01-25,,ACTIVE,BR183,2025-02-21 01:34:00+00:00
ACC00000373,CUST000490,INVESTMENT,GBP,449248.26,0,2019-01-28,,DORMANT,BR998,2025-01-21 19:46:00+00:00
ACC00000374,CUST000255,CURRENT,GBP,21198.45,5000,2015-12-01,,ACTIVE,BR841,2025-06-21 05:10:00+00:00
ACC00000375,CUST000355,CURRENT,EUR,116009.6,50000,2015-01-05,,ACTIVE,BR352,2024-04-12 00:22:00+00:00
ACC00000376,CUST000452,CURRENT,GBP,296487.33,50000,2016-03-03,,ACTIVE,BR415,2024-08-16 02:26:00+00:00
ACC00000377,CUST000243,SAVINGS,EUR,114428.01,5000,2022-03-19,,ACTIVE,BR957,2024-03-08 03:30:00+00:00
ACC00000378,CUST000299,CURRENT,GBP,251853.74,5000,2019-10-03,,ACTIVE,BR797,2025-04-20 13:54:00+00:00
ACC00000379,CUST000045,CURRENT,GBP,249732.73,50000,2021-05-26,,ACTIVE,BR757,2025-07-03 14:08:00+00:00
ACC00000380,CUST000100,SAVINGS,GBP,474425.31,0,2025-08-03,,ACTIVE,BR985,2025-09-09 20:00:00+00:00
ACC00000381,CUST000484,SAVINGS,USD,130990.2,25000,2021-04-14,,CLOSED,BR295,2024-11-14 15:30:00+00:00
ACC00000382,CUST000281,INVESTMENT,GBP,155759.91,25000,2017-04-05,,ACTIVE,BR865,2024-09-20 04:20:00+00:00
ACC00000383,CUST000357,LOAN,GBP,274326.15,10000,2024-08-30,,ACTIVE,BR873,2025-11-03 17:23:00+00:00
ACC00000384,CUST000020,SAVINGS,USD,28056.4,5000,2019-02-23,2020-02-14,ACTIVE,BR855,2025-09-20 21:45:00+00:00
ACC00000385,CUST000462,SAVINGS,GBP,9597.75,5000,2020-08-28,,CLOSED,BR235,2024-04-08 15:31:00+00:00
ACC00000386,CUST000153,CURRENT,USD,314938.35,5000,2026-01-07,,CLOSED,BR417,2026-02-05 18:12:00+00:00
ACC00000387,CUST000245,CURRENT,USD,456436.22,25000,2023-02-26,,ACTIVE,BR154,2024-05-08 07:32:00+00:00
ACC00000388,CUST000373,SAVINGS,GBP,4404.53,5000,2022-07-01,,ACTIVE,BR488,2024-05-12 04:14:00+00:00
ACC00000389,CUST000010,CURRENT,USD,274808.01,50000,2021-10-29,,DORMANT,BR822,2025-11-06 02:47:00+00:00
ACC00000390,CUST000343,CURRENT,GBP,291017.21,5000,2017-07-02,,ACTIVE,BR393,2024-04-07 22:25:00+00:00
ACC00000391,CUST000178,INVESTMENT,GBP,46262.26,10000,2017-03-04,,ACTIVE,BR282,2024-10-16 19:06:00+00:00
ACC00000392,CUST000152,SAVINGS,GBP,380304.04,10000,2015-04-22,,ACTIVE,BR385,2024-09-12 07:16:00+00:00
ACC00000393,CUST000498,CURRENT,EUR,324033.21,50000,2017-12-03,,ACTIVE,BR243,2024-07-08 23:42:00+00:00
ACC00000394,CUST000490,SAVINGS,USD,58413.53,25000,2022-06-06,,ACTIVE,BR678,2024-11-04 10:45:00+00:00
ACC00000395,CUST000138,CURRENT,USD,281964.05,5000,2023-02-01,,ACTIVE,BR423,2025-04-18 21:37:00+00:00
ACC00000396,CUST000032,SAVINGS,USD,220221.04,10000,2023-02-08,,DORMANT,BR523,2025-06-16 16:36:00+00:00
ACC00000397,CUST000129,INVESTMENT,GBP,422370.32,25000,2023-05-03,,ACTIVE,BR331,2024-09-30 04:20:00+00:00
ACC00000398,CUST000194,LOAN,USD,247718.35,0,2020-05-05,,ACTIVE,BR955,2025-03-08 11:42:00+00:00
ACC00000399,CUST000500,CURRENT,USD,390355.2,10000,2021-03-10,,ACTIVE,BR292,2024-05-28 18:47:00+00:00
ACC00000400,CUST000496,SAVINGS,GBP,66895.35,25000,2019-09-17,,FROZEN,BR379,2024-02-05 23:57:00+00:00
ACC00000401,CUST000473,LOAN,GBP,267922.08,25000,2023-08-13,,ACTIVE,BR304,2026-03-29 12:40:00+00:00
ACC00000402,CUST000475,CURRENT,GBP,79935.11,5000,2016-12-15,,ACTIVE,BR281,2024-02-19 06:11:00+00:00
ACC00000403,CUST000113,LOAN,GBP,118806.55,25000,2017-05-21,,CLOSED,BR402,2024-01-15 04:40:00+00:00
ACC00000404,CUST000171,CURRENT,USD,476069.38,25000,2017-12-04,,ACTIVE,BR365,2024-02-04 07:10:00+00:00
ACC00000405,CUST000197,SAVINGS,GBP,480482.82,25000,2017-09-12,2025-07-16,ACTIVE,BR814,2025-02-10 10:00:00+00:00
ACC00000406,CUST000069,SAVINGS,USD,275351.89,50000,2015-12-03,,ACTIVE,BR550,2025-08-08 15:30:00+00:00
ACC00000407,CUST000365,CURRENT,GBP,16105.0,50000,2019-04-10,,ACTIVE,BR370,2024-12-18 06:40:00+00:00
ACC00000408,CUST000261,CURRENT,GBP,405385.08,25000,2019-04-30,,ACTIVE,BR194,2026-04-16 18:25:00+00:00
ACC00000409,CUST000339,CURRENT,GBP,480362.79,5000,2024-12-30,,ACTIVE,BR601,2025-04-07 06:29:00+00:00
ACC00000410,CUST000437,LOAN,GBP,308468.61,25000,2017-03-19,,DORMANT,BR463,2025-09-28 08:34:00+00:00
ACC00000411,CUST000344,SAVINGS,USD,324794.72,0,2016-09-05,,ACTIVE,BR692,2025-03-26 03:47:00+00:00
ACC00000412,CUST000209,CURRENT,GBP,79527.75,25000,2022-09-10,,ACTIVE,BR472,2024-10-13 20:49:00+00:00
ACC00000413,CUST000287,CURRENT,USD,25388.39,25000,2021-10-05,,ACTIVE,BR457,2025-06-10 10:21:00+00:00
ACC00000414,CUST000214,SAVINGS,USD,460514.41,0,2025-08-20,,ACTIVE,BR890,2024-07-09 08:21:00+00:00
ACC00000415,CUST000157,SAVINGS,USD,133017.98,10000,2019-07-13,,ACTIVE,BR757,2026-04-06 15:49:00+00:00
ACC00000416,CUST000303,CURRENT,USD,121698.92,50000,2018-06-12,,ACTIVE,BR635,2025-07-16 14:42:00+00:00
ACC00000417,CUST000225,INVESTMENT,EUR,338398.89,50000,2015-12-25,,DORMANT,BR560,2024-04-08 21:54:00+00:00
ACC00000418,CUST000066,CURRENT,GBP,499617.14,5000,2017-11-13,,ACTIVE,BR949,2024-12-16 16:16:00+00:00
ACC00000419,CUST000327,CURRENT,GBP,420431.53,50000,2019-04-20,,ACTIVE,BR746,2024-03-05 11:27:00+00:00
ACC00000420,CUST000291,CURRENT,GBP,102440.84,5000,2024-05-18,,ACTIVE,BR803,2025-10-19 00:34:00+00:00
ACC00000421,CUST000343,CURRENT,GBP,419545.52,10000,2020-08-30,,ACTIVE,BR951,2024-05-09 03:14:00+00:00
ACC00000422,CUST000102,CURRENT,GBP,137062.2,25000,2022-10-16,,ACTIVE,BR274,2025-04-13 03:07:00+00:00
ACC00000423,CUST000070,SAVINGS,USD,76515.23,25000,2023-03-18,,ACTIVE,BR137,2025-07-17 22:18:00+00:00
ACC00000424,CUST000345,CURRENT,GBP,264715.09,10000,2025-01-21,2020-03-07,ACTIVE,BR954,2024-05-09 11:19:00+00:00
ACC00000425,CUST000450,CURRENT,GBP,30317.29,25000,2017-08-19,,ACTIVE,BR699,2025-04-08 13:35:00+00:00
ACC00000426,CUST000455,CURRENT,USD,40306.13,10000,2024-10-12,,ACTIVE,BR494,2024-03-25 16:11:00+00:00
ACC00000427,CUST000216,CURRENT,GBP,347706.8,25000,2016-07-08,,ACTIVE,BR259,2025-02-11 16:12:00+00:00
ACC00000428,CUST000455,SAVINGS,GBP,414401.54,50000,2025-10-30,,DORMANT,BR650,2024-05-25 21:14:00+00:00
ACC00000429,CUST000386,CURRENT,GBP,361162.26,50000,2024-05-25,,ACTIVE,BR682,2026-03-05 00:12:00+00:00
ACC00000430,CUST000329,SAVINGS,GBP,499404.73,25000,2026-04-20,,ACTIVE,BR315,2026-01-21 23:22:00+00:00
ACC00000431,CUST000283,SAVINGS,GBP,438531.04,0,2015-06-29,,ACTIVE,BR819,2025-06-22 19:49:00+00:00
ACC00000432,CUST000080,CURRENT,USD,101479.34,10000,2018-09-29,,CLOSED,BR544,2024-06-04 18:55:00+00:00
ACC00000433,CUST000034,CURRENT,GBP,249934.23,5000,2021-02-23,,ACTIVE,BR455,2025-06-27 16:03:00+00:00
ACC00000434,CUST000267,LOAN,GBP,400038.56,25000,2017-11-22,,ACTIVE,BR761,2026-03-30 17:23:00+00:00
ACC00000435,CUST000360,CURRENT,GBP,441385.46,5000,2021-06-30,,ACTIVE,BR930,2025-07-06 07:44:00+00:00
ACC00000436,CUST000093,CURRENT,GBP,472431.28,5000,2016-01-08,,ACTIVE,BR798,2025-06-27 05:23:00+00:00
ACC00000437,CUST000420,INVESTMENT,USD,315760.79,5000,2016-05-13,,ACTIVE,BR915,2024-06-11 03:43:00+00:00
ACC00000438,CUST000073,SAVINGS,EUR,489718.38,0,2019-04-08,,DORMANT,BR395,2024-06-18 20:40:00+00:00
ACC00000439,CUST000015,SAVINGS,GBP,352415.82,0,2023-12-01,,ACTIVE,BR312,2025-09-25 07:53:00+00:00
ACC00000440,CUST000160,CURRENT,USD,132871.64,50000,2026-02-07,,ACTIVE,BR450,2026-02-08 22:09:00+00:00
ACC00000441,CUST000487,SAVINGS,USD,329449.9,10000,2016-09-06,,ACTIVE,BR816,2025-07-07 19:27:00+00:00
ACC00000442,CUST000481,SAVINGS,GBP,157427.32,25000,2018-09-17,,ACTIVE,BR615,2024-07-26 08:03:00+00:00
ACC00000443,CUST000152,CURRENT,EUR,101365.07,25000,2024-10-26,2020-07-14,ACTIVE,BR664,2025-02-14 09:24:00+00:00
ACC00000444,CUST000373,CURRENT,USD,479291.3,25000,2023-08-13,,ACTIVE,BR949,2025-06-18 13:57:00+00:00
ACC00000445,CUST000411,CURRENT,GBP,160870.91,25000,2023-10-02,,ACTIVE,BR860,2025-05-02 14:20:00+00:00
ACC00000446,CUST000319,CURRENT,GBP,456579.21,10000,2023-12-28,,ACTIVE,BR913,2024-05-19 23:19:00+00:00
ACC00000447,CUST000370,CURRENT,USD,62531.5,25000,2021-02-02,,ACTIVE,BR375,2024-01-01 02:16:00+00:00
ACC00000448,CUST000076,CURRENT,USD,460740.18,25000,2019-08-23,,ACTIVE,BR192,2025-12-26 17:42:00+00:00
ACC00000449,CUST000094,CURRENT,EUR,302437.31,10000,2019-02-16,,ACTIVE,BR625,2024-11-15 06:59:00+00:00
ACC00000450,CUST000066,SAVINGS,USD,-2838.98,50000,2015-01-30,,FROZEN,BR891,2026-01-21 19:38:00+00:00
ACC00000451,CUST000014,SAVINGS,GBP,-162.8,0,2018-08-03,,ACTIVE,BR315,2024-03-09 01:48:00+00:00
ACC00000452,CUST000493,SAVINGS,GBP,82635.69,25000,2019-11-20,,ACTIVE,BR364,2025-02-24 04:09:00+00:00
ACC00000453,CUST000309,SAVINGS,GBP,275674.28,0,2015-03-14,,ACTIVE,BR323,2025-05-07 05:48:00+00:00
ACC00000454,CUST000303,CURRENT,GBP,346727.42,0,2025-03-19,,DORMANT,BR578,2026-04-06 07:25:00+00:00
ACC00000455,CUST000307,LOAN,EUR,241933.24,25000,2026-04-20,2020-08-03,DORMANT,BR367,2026-03-16 05:41:00+00:00
ACC00000456,CUST000299,CURRENT,EUR,193359.5,50000,2020-10-21,,ACTIVE,BR132,2025-03-05 12:37:00+00:00
ACC00000457,CUST000116,CURRENT,EUR,35980.14,5000,2021-10-21,,ACTIVE,BR218,2024-07-17 07:53:00+00:00
ACC00000458,CUST000014,SAVINGS,GBP,437743.75,5000,2019-12-10,,ACTIVE,BR629,2024-12-24 02:14:00+00:00
ACC00000459,CUST000040,CURRENT,EUR,323889.57,25000,2021-08-24,,ACTIVE,BR774,2024-10-09 04:57:00+00:00
ACC00000460,CUST000390,INVESTMENT,USD,267017.91,10000,2021-01-08,,CLOSED,BR746,2025-02-15 03:46:00+00:00
ACC00000461,CUST000068,INVESTMENT,GBP,445748.96,10000,2017-09-02,,ACTIVE,BR290,2026-01-27 18:43:00+00:00
ACC00000462,CUST000424,SAVINGS,USD,407108.58,50000,2018-11-02,,ACTIVE,BR586,2024-06-04 06:28:00+00:00
ACC00000463,CUST000235,LOAN,GBP,219814.27,25000,2020-01-09,,ACTIVE,BR243,2024-05-25 21:17:00+00:00
ACC00000464,CUST000325,INVESTMENT,GBP,57324.87,10000,2016-01-09,,ACTIVE,BR578,2026-02-17 10:00:00+00:00
ACC00000465,CUST000092,SAVINGS,GBP,485879.71,0,2020-05-05,,ACTIVE,BR700,2025-10-14 03:33:00+00:00
ACC00000466,CUST000194,CURRENT,USD,185070.11,25000,2021-07-18,,FROZEN,BR430,2024-11-14 16:06:00+00:00
ACC00000467,CUST000237,SAVINGS,USD,298661.99,25000,2015-11-17,,ACTIVE,BR481,2026-03-01 20:38:00+00:00
ACC00000468,CUST000082,CURRENT,USD,190309.27,5000,2018-04-28,,DORMANT,BR677,2025-04-27 07:42:00+00:00
ACC00000469,CUST000114,CURRENT,GBP,418768.63,5000,2021-03-25,,CLOSED,BR486,2025-03-24 09:52:00+00:00
ACC00000470,CUST000205,CURRENT,GBP,404994.2,25000,2017-12-25,,CLOSED,BR774,2024-05-07 17:47:00+00:00
ACC00000471,CUST000485,CURRENT,USD,491816.73,0,2021-01-24,,ACTIVE,BR702,2025-09-16 14:09:00+00:00
ACC00000472,CUST000463,LOAN,GBP,58005.75,10000,2016-02-27,,ACTIVE,BR134,2024-03-13 23:21:00+00:00
ACC00000473,CUST000476,INVESTMENT,USD,182092.72,0,2020-08-01,,ACTIVE,BR430,2024-10-05 01:24:00+00:00
ACC00000474,CUST000112,CURRENT,EUR,92460.38,5000,2019-09-17,,ACTIVE,BR818,2024-09-18 03:40:00+00:00
ACC00000475,CUST000336,CURRENT,GBP,-271.53,10000,2017-08-09,,ACTIVE,BR207,2025-04-22 13:37:00+00:00
ACC00000476,CUST000102,INVESTMENT,GBP,370287.94,50000,2015-01-12,,DORMANT,BR744,2024-06-21 22:44:00+00:00
ACC00000477,CUST000103,CURRENT,EUR,378002.6,25000,2022-10-17,,DORMANT,BR467,2026-03-24 15:48:00+00:00
ACC00000478,CUST000089,CURRENT,GBP,338679.95,5000,2023-04-12,,ACTIVE,BR990,2024-10-25 07:33:00+00:00
ACC00000479,CUST000478,CURRENT,GBP,353144.88,10000,2022-04-12,,ACTIVE,BR108,2024-04-15 02:46:00+00:00
ACC00000480,CUST000220,CURRENT,GBP,91713.4,5000,2016-11-12,,FROZEN,BR262,2025-09-09 19:55:00+00:00
ACC00000481,CUST000309,SAVINGS,GBP,407221.82,50000,2020-12-03,,ACTIVE,BR531,2025-01-06 07:55:00+00:00
ACC00000482,CUST000344,LOAN,GBP,310744.46,50000,2017-12-30,,ACTIVE,BR586,2025-11-11 15:53:00+00:00
ACC00000483,CUST000434,CURRENT,USD,403249.32,5000,2024-02-28,,ACTIVE,BR442,2025-12-19 13:26:00+00:00
ACC00000484,CUST000444,CURRENT,GBP,106679.58,0,2021-08-12,,ACTIVE,BR444,2024-02-28 20:06:00+00:00
ACC00000485,CUST000214,CURRENT,GBP,489960.16,0,2022-04-13,,ACTIVE,BR763,2026-02-27 08:53:00+00:00
ACC00000486,CUST000389,SAVINGS,USD,483484.74,0,2016-04-14,,ACTIVE,BR202,2026-01-11 23:17:00+00:00
ACC00000487,CUST000304,CURRENT,USD,13582.0,25000,2015-03-27,,DORMANT,BR291,2024-09-14 20:32:00+00:00
ACC00000488,CUST000413,CURRENT,USD,243883.13,25000,2022-12-22,,ACTIVE,BR466,2024-12-02 13:42:00+00:00
ACC00000489,CUST000361,SAVINGS,GBP,350544.09,50000,2019-12-02,,ACTIVE,BR413,2026-05-06 08:22:00+00:00
ACC00000490,CUST000198,CURRENT,GBP,301043.62,0,2021-04-10,,ACTIVE,BR266,2024-03-26 00:06:00+00:00
ACC00000491,CUST000470,CURRENT,USD,-1396.62,50000,2018-12-18,,ACTIVE,BR578,2025-12-31 15:15:00+00:00
ACC00000492,CUST000286,CURRENT,GBP,492053.09,5000,2020-09-28,,ACTIVE,BR659,2025-08-22 15:14:00+00:00
ACC00000493,CUST000269,SAVINGS,GBP,317410.23,25000,2015-05-09,,CLOSED,BR290,2025-08-28 13:42:00+00:00
ACC00000494,CUST000321,CURRENT,GBP,51028.0,5000,2017-05-21,2022-06-04,CLOSED,BR870,2024-09-29 03:49:00+00:00
ACC00000495,CUST000353,SAVINGS,GBP,135060.51,25000,2023-07-27,,ACTIVE,BR122,2026-04-26 22:31:00+00:00
ACC00000496,CUST000020,LOAN,GBP,247664.45,10000,2020-10-09,,DORMANT,BR549,2025-07-28 19:53:00+00:00
ACC00000497,CUST000055,CURRENT,GBP,81090.93,10000,2019-08-16,,ACTIVE,BR928,2025-08-02 12:38:00+00:00
ACC00000498,CUST000229,CURRENT,USD,92853.98,50000,2024-12-01,,ACTIVE,BR731,2025-06-15 21:24:00+00:00
ACC00000499,CUST000439,CURRENT,USD,368101.49,50000,2019-12-13,,ACTIVE,BR567,2024-02-13 19:06:00+00:00
ACC00000500,CUST000439,CURRENT,USD,334448.65,25000,2022-04-10,,ACTIVE,BR707,2025-08-27 20:06:00+00:00
ACC00000501,CUST000123,CURRENT,GBP,299501.14,50000,2021-01-10,,ACTIVE,BR689,2025-08-12 03:07:00+00:00
ACC00000502,CUST000269,CURRENT,GBP,83642.06,10000,2019-07-29,,ACTIVE,BR811,2026-02-21 07:23:00+00:00
ACC00000503,CUST000492,LOAN,GBP,292023.11,25000,2023-11-14,,ACTIVE,BR545,2025-08-17 21:45:00+00:00
ACC00000504,CUST000020,CURRENT,EUR,371716.59,0,2018-06-29,,CLOSED,BR848,2025-09-10 13:52:00+00:00
ACC00000505,CUST000194,SAVINGS,GBP,59352.61,0,2025-01-02,,ACTIVE,BR508,2025-02-07 22:47:00+00:00
ACC00000506,CUST000383,CURRENT,USD,466449.52,50000,2020-03-13,,ACTIVE,BR584,2024-02-10 11:41:00+00:00
ACC00000507,CUST000482,CURRENT,GBP,427016.87,10000,2024-09-24,,ACTIVE,BR954,2026-03-18 14:54:00+00:00
ACC00000508,CUST000095,CURRENT,GBP,439906.56,5000,2023-04-08,,ACTIVE,BR349,2025-04-16 18:55:00+00:00
ACC00000509,CUST000220,SAVINGS,GBP,363093.93,10000,2018-04-30,,DORMANT,BR358,2025-06-19 01:25:00+00:00
ACC00000510,CUST000443,CURRENT,GBP,133535.63,5000,2025-09-29,,ACTIVE,BR840,2026-04-12 20:47:00+00:00
ACC00000511,CUST000387,CURRENT,GBP,423071.92,25000,2017-02-06,,DORMANT,BR482,2026-03-07 13:42:00+00:00
ACC00000512,CUST000143,CURRENT,GBP,6674.34,10000,2026-02-14,,ACTIVE,BR715,2024-01-27 06:36:00+00:00
ACC00000513,CUST000084,CURRENT,GBP,484754.43,0,2019-01-26,,ACTIVE,BR445,2024-07-04 00:40:00+00:00
ACC00000514,CUST000148,CURRENT,GBP,337255.9,5000,2025-04-21,,ACTIVE,BR594,2024-12-02 03:18:00+00:00
ACC00000515,CUST000460,CURRENT,GBP,305300.56,25000,2019-02-24,,ACTIVE,BR794,2025-02-26 00:46:00+00:00
ACC00000516,CUST000345,CURRENT,USD,338743.58,0,2018-12-13,,ACTIVE,BR510,2025-04-12 08:22:00+00:00
ACC00000517,CUST000452,CURRENT,GBP,440966.48,0,2019-03-28,,DORMANT,BR407,2026-04-18 21:22:00+00:00
ACC00000518,CUST000232,SAVINGS,GBP,-4012.74,0,2026-01-01,,ACTIVE,BR141,2024-12-26 07:17:00+00:00
ACC00000519,CUST000324,CURRENT,GBP,210692.81,25000,2019-01-17,,FROZEN,BR998,2025-04-01 01:20:00+00:00
ACC00000520,CUST000046,CURRENT,GBP,334915.39,50000,2021-04-29,,ACTIVE,BR339,2025-04-14 22:40:00+00:00
ACC00000521,CUST000251,CURRENT,USD,323265.17,25000,2015-06-22,,ACTIVE,BR881,2024-09-26 05:13:00+00:00
ACC00000522,CUST000090,CURRENT,GBP,426199.2,10000,2021-12-15,,ACTIVE,BR619,2025-07-25 17:41:00+00:00
ACC00000523,CUST000293,SAVINGS,GBP,158114.63,25000,2018-08-27,,ACTIVE,BR210,2024-11-25 23:25:00+00:00
ACC00000524,CUST000448,CURRENT,GBP,421392.48,5000,2018-12-26,2025-03-02,ACTIVE,BR531,2026-02-10 11:49:00+00:00
ACC00000525,CUST000274,CURRENT,GBP,200472.33,5000,2023-11-04,,ACTIVE,BR536,2026-04-15 05:54:00+00:00
ACC00000526,CUST000197,CURRENT,USD,56467.44,10000,2019-03-19,2025-12-14,ACTIVE,BR892,2025-05-26 02:21:00+00:00
ACC00000527,CUST000162,SAVINGS,GBP,256739.11,5000,2016-07-22,,ACTIVE,BR375,2024-12-26 19:34:00+00:00
ACC00000528,CUST000013,INVESTMENT,USD,245265.23,5000,2018-03-21,,ACTIVE,BR691,2026-01-27 07:20:00+00:00
ACC00000529,CUST000227,INVESTMENT,USD,256214.74,5000,2016-08-13,,DORMANT,BR510,2026-04-28 09:06:00+00:00
ACC00000530,CUST000449,SAVINGS,GBP,16949.66,25000,2024-07-25,,ACTIVE,BR707,2026-01-09 02:40:00+00:00
ACC00000531,CUST000448,SAVINGS,EUR,359216.24,5000,2020-07-02,,CLOSED,BR129,2025-02-19 10:39:00+00:00
ACC00000532,CUST000442,CURRENT,GBP,18717.15,50000,2025-03-16,,FROZEN,BR267,2025-05-24 20:11:00+00:00
ACC00000533,CUST000046,CURRENT,GBP,458787.7,0,2024-01-11,,ACTIVE,BR624,2026-02-13 12:12:00+00:00
ACC00000534,CUST000163,SAVINGS,GBP,263867.19,25000,2017-04-01,,CLOSED,BR270,2024-09-28 22:31:00+00:00
ACC00000535,CUST000325,LOAN,GBP,154702.19,50000,2018-01-29,,ACTIVE,BR407,2024-12-25 10:51:00+00:00
ACC00000536,CUST000356,CURRENT,USD,192888.74,5000,2015-04-07,,ACTIVE,BR711,2025-03-24 11:48:00+00:00
ACC00000537,CUST000082,CURRENT,EUR,164026.44,5000,2017-03-27,,ACTIVE,BR814,2024-06-12 05:20:00+00:00
ACC00000538,CUST000367,CURRENT,USD,439449.72,5000,2023-06-23,,DORMANT,BR636,2024-01-17 03:12:00+00:00
ACC00000539,CUST000046,CURRENT,GBP,402874.82,0,2023-08-12,,ACTIVE,BR303,2025-08-18 09:58:00+00:00
ACC00000540,CUST000354,CURRENT,GBP,495083.65,5000,2015-06-19,,ACTIVE,BR681,2025-06-02 22:41:00+00:00
ACC00000541,CUST000318,LOAN,GBP,108942.14,5000,2017-06-20,,CLOSED,BR869,2025-07-27 09:48:00+00:00
ACC00000542,CUST000043,CURRENT,EUR,343222.23,10000,2015-04-22,,CLOSED,BR242,2025-07-27 17:11:00+00:00
ACC00000543,CUST000354,CURRENT,USD,478676.72,25000,2015-12-25,,ACTIVE,BR233,2025-02-11 19:44:00+00:00
ACC00000544,CUST000364,CURRENT,GBP,458082.59,25000,2017-12-18,,ACTIVE,BR779,2024-03-18 06:05:00+00:00
ACC00000545,CUST000488,INVESTMENT,USD,94422.79,50000,2020-07-27,,ACTIVE,BR441,2024-04-02 22:38:00+00:00
ACC00000546,CUST000307,INVESTMENT,GBP,161258.44,0,2016-11-15,,DORMANT,BR907,2025-11-10 12:54:00+00:00
ACC00000547,CUST000080,INVESTMENT,GBP,26736.28,5000,2021-01-01,,ACTIVE,BR155,2024-09-26 04:45:00+00:00
ACC00000548,CUST000276,LOAN,GBP,310773.82,0,2018-03-14,,ACTIVE,BR192,2024-12-14 17:22:00+00:00
ACC00000549,CUST000022,CURRENT,GBP,9075.74,10000,2015-04-21,,CLOSED,BR416,2025-02-10 04:58:00+00:00
ACC00000550,CUST000086,CURRENT,USD,213134.22,0,2015-03-18,,ACTIVE,BR911,2025-01-29 03:54:00+00:00
ACC00000551,CUST000168,INVESTMENT,USD,7131.88,25000,2017-05-21,,ACTIVE,BR884,2026-01-23 09:39:00+00:00
ACC00000552,CUST000436,SAVINGS,GBP,397596.56,0,2022-08-04,2022-12-26,ACTIVE,BR244,2025-08-06 02:20:00+00:00
ACC00000553,CUST000432,SAVINGS,GBP,467205.7,10000,2016-11-27,,DORMANT,BR920,2024-08-18 14:52:00+00:00
ACC00000554,CUST000082,CURRENT,USD,419456.33,0,2019-07-16,,ACTIVE,BR454,2024-02-11 07:35:00+00:00
ACC00000555,CUST000073,CURRENT,GBP,119812.55,10000,2018-02-14,,ACTIVE,BR569,2024-06-07 21:17:00+00:00
ACC00000556,CUST000385,LOAN,EUR,234156.15,0,2025-10-10,,ACTIVE,BR505,2024-01-27 15:14:00+00:00
ACC00000557,CUST000026,SAVINGS,GBP,479195.34,50000,2024-12-18,,DORMANT,BR269,2026-05-03 22:14:00+00:00
ACC00000558,CUST000155,CURRENT,GBP,415421.34,5000,2018-08-29,,ACTIVE,BR571,2024-09-08 07:28:00+00:00
ACC00000559,CUST000366,CURRENT,GBP,409925.07,25000,2021-11-23,,ACTIVE,BR100,2025-10-25 06:09:00+00:00
ACC00000560,CUST000481,CURRENT,GBP,257435.9,25000,2022-06-10,,ACTIVE,BR774,2024-01-13 09:15:00+00:00
ACC00000561,CUST000145,SAVINGS,USD,114555.55,0,2025-09-28,,DORMANT,BR251,2024-01-22 19:30:00+00:00
ACC00000562,CUST000091,SAVINGS,GBP,31819.97,0,2018-06-19,,FROZEN,BR305,2025-03-25 13:35:00+00:00
ACC00000563,CUST000450,CURRENT,GBP,297982.18,0,2020-06-20,,ACTIVE,BR276,2025-07-18 18:12:00+00:00
ACC00000564,CUST000481,CURRENT,USD,216457.39,10000,2016-04-02,,ACTIVE,BR408,2025-02-26 05:54:00+00:00
ACC00000565,CUST000002,CURRENT,EUR,43313.73,0,2020-12-31,,ACTIVE,BR414,2025-06-15 18:25:00+00:00
ACC00000566,CUST000383,CURRENT,GBP,220460.38,50000,2017-10-05,,ACTIVE,BR182,2025-10-04 18:56:00+00:00
ACC00000567,CUST000007,INVESTMENT,GBP,58037.32,0,2015-06-23,,ACTIVE,BR289,2025-01-31 23:16:00+00:00
ACC00000568,CUST000249,CURRENT,GBP,487135.42,0,2015-12-31,,ACTIVE,BR341,2025-12-24 11:51:00+00:00
ACC00000569,CUST000250,SAVINGS,GBP,457940.76,5000,2017-04-22,2022-01-28,ACTIVE,BR978,2026-03-31 08:27:00+00:00
ACC00000570,CUST000404,CURRENT,GBP,185584.54,50000,2021-08-27,,ACTIVE,BR308,2025-01-14 11:57:00+00:00
ACC00000571,CUST000304,CURRENT,GBP,444492.29,0,2017-04-20,,ACTIVE,BR547,2024-08-28 10:34:00+00:00
ACC00000572,CUST000247,SAVINGS,GBP,345148.65,25000,2024-04-25,,ACTIVE,BR192,2024-12-31 02:44:00+00:00
ACC00000573,CUST000109,SAVINGS,GBP,390236.35,50000,2018-03-07,,ACTIVE,BR841,2024-05-17 10:55:00+00:00
ACC00000574,CUST000330,INVESTMENT,EUR,26311.13,50000,2015-01-10,,ACTIVE,BR350,2026-04-27 22:15:00+00:00
ACC00000575,CUST000227,CURRENT,GBP,400205.49,10000,2020-01-12,,ACTIVE,BR257,2026-03-25 17:37:00+00:00
ACC00000576,CUST000221,CURRENT,GBP,22668.36,25000,2015-07-16,,ACTIVE,BR801,2024-05-11 03:58:00+00:00
ACC00000577,CUST000301,SAVINGS,USD,303423.01,25000,2020-01-31,,CLOSED,BR668,2026-03-14 16:45:00+00:00
ACC00000578,CUST000004,CURRENT,USD,213078.69,10000,2024-07-31,,ACTIVE,BR965,2025-05-02 17:20:00+00:00
ACC00000579,CUST000442,LOAN,USD,46422.93,50000,2023-08-24,,CLOSED,BR894,2024-04-17 19:14:00+00:00
ACC00000580,CUST000140,SAVINGS,USD,23173.93,25000,2018-04-22,,ACTIVE,BR483,2026-01-07 11:45:00+00:00
ACC00000581,CUST000315,SAVINGS,USD,21362.59,10000,2022-12-04,2025-04-27,ACTIVE,BR105,2025-12-19 20:35:00+00:00
ACC00000582,CUST000411,CURRENT,GBP,424214.3,10000,2021-06-07,,DORMANT,BR588,2026-04-20 07:29:00+00:00
ACC00000583,CUST000104,SAVINGS,GBP,197849.95,10000,2020-01-25,2022-12-16,ACTIVE,BR263,2024-10-02 18:53:00+00:00
ACC00000584,CUST000093,CURRENT,GBP,306737.5,10000,2023-08-18,,DORMANT,BR452,2024-02-24 14:39:00+00:00
ACC00000585,CUST000028,SAVINGS,EUR,202609.54,5000,2017-07-09,,ACTIVE,BR202,2025-03-24 15:37:00+00:00
ACC00000586,CUST000175,SAVINGS,USD,431614.29,10000,2026-01-11,,ACTIVE,BR582,2025-03-22 02:10:00+00:00
ACC00000587,CUST000073,CURRENT,GBP,392674.78,25000,2018-10-21,2023-12-13,ACTIVE,BR663,2024-01-23 17:28:00+00:00
ACC00000588,CUST000017,SAVINGS,USD,310124.12,25000,2017-06-21,,ACTIVE,BR803,2025-07-26 20:03:00+00:00
ACC00000589,CUST000290,SAVINGS,GBP,223972.68,50000,2020-01-14,,ACTIVE,BR503,2024-12-21 15:55:00+00:00
ACC00000590,CUST000302,SAVINGS,GBP,229425.59,0,2017-04-13,,CLOSED,BR815,2025-12-24 04:04:00+00:00
ACC00000591,CUST000166,SAVINGS,GBP,211193.4,10000,2021-04-27,,ACTIVE,BR317,2025-11-29 11:04:00+00:00
ACC00000592,CUST000044,CURRENT,GBP,308206.41,10000,2023-01-06,,ACTIVE,BR583,2026-01-06 08:36:00+00:00
ACC00000593,CUST000055,SAVINGS,GBP,46145.35,0,2016-09-16,,ACTIVE,BR784,2024-09-15 23:01:00+00:00
ACC00000594,CUST000497,SAVINGS,GBP,323715.32,0,2022-06-26,,DORMANT,BR485,2025-12-31 19:31:00+00:00
ACC00000595,CUST000081,CURRENT,GBP,336266.93,25000,2017-08-27,,ACTIVE,BR951,2025-03-17 22:48:00+00:00
ACC00000596,CUST000143,INVESTMENT,USD,8115.9,25000,2023-02-01,,ACTIVE,BR574,2024-05-16 12:13:00+00:00
ACC00000597,CUST000331,SAVINGS,GBP,256192.51,5000,2016-11-25,,ACTIVE,BR823,2025-11-08 14:19:00+00:00
ACC00000598,CUST000350,INVESTMENT,GBP,291845.75,0,2015-12-22,,DORMANT,BR348,2025-07-05 22:43:00+00:00
ACC00000599,CUST000287,CURRENT,GBP,49543.33,50000,2018-05-22,,CLOSED,BR881,2024-11-07 10:14:00+00:00
ACC00000600,CUST000282,CURRENT,EUR,1205.73,0,2018-12-29,,DORMANT,BR198,2025-08-06 16:26:00+00:00
ACC00000601,CUST000484,CURRENT,GBP,355216.19,50000,2024-08-12,,ACTIVE,BR496,2024-05-27 17:43:00+00:00
ACC00000602,CUST000375,CURRENT,EUR,294407.68,10000,2022-07-06,,ACTIVE,BR231,2025-08-23 10:55:00+00:00
ACC00000603,CUST000181,CURRENT,GBP,419593.63,5000,2019-01-25,,ACTIVE,BR425,2024-01-07 19:03:00+00:00
ACC00000604,CUST000018,CURRENT,GBP,451706.85,10000,2024-07-15,,ACTIVE,BR881,2025-12-30 11:37:00+00:00
ACC00000605,CUST000385,SAVINGS,GBP,58620.72,25000,2018-05-15,,ACTIVE,BR236,2024-05-02 02:39:00+00:00
ACC00000606,CUST000162,SAVINGS,EUR,251993.49,50000,2021-10-06,,ACTIVE,BR509,2024-03-06 16:26:00+00:00
ACC00000607,CUST000449,SAVINGS,GBP,174472.56,25000,2021-06-09,,ACTIVE,BR891,2026-01-17 05:46:00+00:00
ACC00000608,CUST000411,SAVINGS,USD,238106.65,50000,2022-10-24,,ACTIVE,BR434,2024-07-18 07:38:00+00:00
ACC00000609,CUST000380,CURRENT,EUR,308529.7,25000,2017-05-01,2023-12-15,ACTIVE,BR389,2026-03-03 05:53:00+00:00
ACC00000610,CUST000422,CURRENT,GBP,88891.32,5000,2021-01-29,,ACTIVE,BR939,2024-07-04 00:41:00+00:00
ACC00000611,CUST000033,SAVINGS,GBP,64524.72,0,2026-03-13,,ACTIVE,BR790,2025-05-21 23:07:00+00:00
ACC00000612,CUST000236,SAVINGS,GBP,17255.75,10000,2023-04-12,,ACTIVE,BR847,2024-12-05 02:06:00+00:00
ACC00000613,CUST000062,SAVINGS,USD,59478.78,0,2020-12-14,,ACTIVE,BR993,2025-02-17 18:44:00+00:00
ACC00000614,CUST000430,SAVINGS,GBP,290183.76,10000,2016-09-17,,ACTIVE,BR534,2025-12-02 12:51:00+00:00
ACC00000615,CUST000165,LOAN,EUR,254128.5,0,2015-01-18,,ACTIVE,BR711,2025-02-21 12:44:00+00:00
ACC00000616,CUST000207,SAVINGS,GBP,324111.01,10000,2018-05-02,,ACTIVE,BR503,2025-04-30 04:54:00+00:00
ACC00000617,CUST000105,SAVINGS,EUR,175660.54,25000,2018-04-15,,ACTIVE,BR646,2024-12-17 05:06:00+00:00
ACC00000618,CUST000105,SAVINGS,USD,289751.29,5000,2022-03-08,,ACTIVE,BR173,2024-11-14 11:11:00+00:00
ACC00000619,CUST000030,CURRENT,GBP,268277.57,50000,2018-04-25,,ACTIVE,BR455,2025-12-25 13:56:00+00:00
ACC00000620,CUST000286,LOAN,GBP,68540.47,25000,2023-10-05,,ACTIVE,BR600,2024-09-15 15:05:00+00:00
ACC00000621,CUST000490,SAVINGS,GBP,232109.5,25000,2025-01-07,,ACTIVE,BR785,2024-07-07 08:25:00+00:00
ACC00000622,CUST000265,CURRENT,GBP,299681.39,50000,2025-09-24,,ACTIVE,BR858,2024-07-24 07:22:00+00:00
ACC00000623,CUST000044,CURRENT,GBP,141987.29,0,2016-07-05,,ACTIVE,BR700,2025-10-24 20:05:00+00:00
ACC00000624,CUST000363,CURRENT,GBP,484986.88,10000,2017-07-16,,ACTIVE,BR127,2024-12-13 14:48:00+00:00
ACC00000625,CUST000303,CURRENT,GBP,256428.7,25000,2024-08-02,2024-10-30,DORMANT,BR327,2024-04-06 16:16:00+00:00
ACC00000626,CUST000395,SAVINGS,GBP,327126.79,25000,2021-03-31,,ACTIVE,BR723,2024-01-21 19:03:00+00:00
ACC00000627,CUST000354,LOAN,USD,68023.19,0,2018-03-31,,ACTIVE,BR282,2025-07-24 01:43:00+00:00
ACC00000628,CUST000214,CURRENT,GBP,114880.61,25000,2017-01-10,,CLOSED,BR886,2025-01-17 03:10:00+00:00
ACC00000629,CUST000424,SAVINGS,GBP,408687.81,10000,2022-03-31,,ACTIVE,BR340,2024-01-02 16:00:00+00:00
ACC00000630,CUST000130,LOAN,EUR,277522.21,50000,2017-11-10,,ACTIVE,BR477,2024-01-05 10:24:00+00:00
ACC00000631,CUST000288,LOAN,GBP,22576.68,5000,2019-01-29,,ACTIVE,BR470,2024-11-09 00:51:00+00:00
ACC00000632,CUST000312,CURRENT,GBP,168627.13,5000,2023-08-21,,ACTIVE,BR448,2025-08-04 18:23:00+00:00
ACC00000633,CUST000464,CURRENT,GBP,488137.94,50000,2022-11-28,,ACTIVE,BR613,2024-03-12 05:12:00+00:00
ACC00000634,CUST000308,SAVINGS,USD,318480.17,50000,2022-02-28,,ACTIVE,BR942,2025-10-13 19:31:00+00:00
ACC00000635,CUST000249,SAVINGS,GBP,96636.92,50000,2026-01-31,,ACTIVE,BR101,2024-07-05 17:13:00+00:00
ACC00000636,CUST000365,INVESTMENT,GBP,29543.91,0,2024-07-04,,ACTIVE,BR725,2024-12-19 03:55:00+00:00
ACC00000637,CUST000249,LOAN,GBP,90624.56,5000,2025-10-17,,ACTIVE,BR713,2025-11-30 04:38:00+00:00
ACC00000638,CUST000404,CURRENT,GBP,235241.16,25000,2024-04-14,,ACTIVE,BR869,2025-01-18 18:11:00+00:00
ACC00000639,CUST000442,LOAN,USD,344379.71,0,2022-06-24,,DORMANT,BR507,2025-03-27 22:54:00+00:00
ACC00000640,CUST000117,CURRENT,USD,231038.21,10000,2018-02-06,,ACTIVE,BR179,2026-03-01 05:32:00+00:00
ACC00000641,CUST000146,CURRENT,USD,344668.99,50000,2020-07-07,,ACTIVE,BR761,2024-06-01 14:01:00+00:00
ACC00000642,CUST000097,CURRENT,GBP,425264.38,25000,2023-08-06,,ACTIVE,BR335,2025-09-29 01:59:00+00:00
ACC00000643,CUST000060,INVESTMENT,USD,280878.94,5000,2024-05-22,,ACTIVE,BR241,2025-07-04 03:51:00+00:00
ACC00000644,CUST000233,CURRENT,GBP,164508.54,25000,2026-02-24,,ACTIVE,BR611,2024-11-15 09:06:00+00:00
ACC00000645,CUST000399,CURRENT,EUR,146313.95,0,2026-01-18,2025-10-31,DORMANT,BR292,2024-12-23 21:11:00+00:00
ACC00000646,CUST000369,CURRENT,GBP,160952.62,25000,2020-02-29,,ACTIVE,BR145,2025-08-27 16:10:00+00:00
ACC00000647,CUST000104,CURRENT,USD,47948.19,50000,2023-08-17,,ACTIVE,BR316,2024-04-12 15:12:00+00:00
ACC00000648,CUST000308,CURRENT,GBP,437433.27,5000,2016-11-15,,ACTIVE,BR409,2025-09-09 04:39:00+00:00
ACC00000649,CUST000208,CURRENT,EUR,454824.23,5000,2024-06-17,,ACTIVE,BR545,2024-12-11 14:59:00+00:00
ACC00000650,CUST000023,INVESTMENT,GBP,245444.99,5000,2019-12-02,,ACTIVE,BR195,2025-11-05 17:53:00+00:00
ACC00000651,CUST000175,CURRENT,GBP,459576.56,5000,2016-12-15,,ACTIVE,BR447,2025-02-02 14:07:00+00:00
ACC00000652,CUST000404,CURRENT,GBP,317577.36,0,2020-04-10,,ACTIVE,BR493,2025-11-15 17:04:00+00:00
ACC00000653,CUST000107,SAVINGS,GBP,345076.38,0,2023-02-11,,ACTIVE,BR769,2024-12-12 07:23:00+00:00
ACC00000654,CUST000321,INVESTMENT,GBP,230601.06,25000,2015-01-24,2021-08-25,CLOSED,BR284,2024-05-24 07:52:00+00:00
ACC00000655,CUST000346,CURRENT,EUR,102634.95,0,2019-07-24,,ACTIVE,BR535,2025-05-17 06:50:00+00:00
ACC00000656,CUST000128,CURRENT,GBP,237776.83,5000,2015-05-21,,ACTIVE,BR254,2025-02-17 01:22:00+00:00
ACC00000657,CUST000034,SAVINGS,GBP,383015.95,10000,2023-02-16,,ACTIVE,BR391,2024-03-01 15:51:00+00:00
ACC00000658,CUST000151,CURRENT,EUR,406399.6,25000,2025-08-18,,DORMANT,BR418,2025-11-06 22:48:00+00:00
ACC00000659,CUST000275,CURRENT,GBP,402672.01,10000,2017-12-30,,ACTIVE,BR496,2025-08-28 03:54:00+00:00
ACC00000660,CUST000384,CURRENT,GBP,184835.46,5000,2017-06-21,,ACTIVE,BR791,2025-06-16 02:42:00+00:00
ACC00000661,CUST000057,LOAN,GBP,197157.85,10000,2016-05-03,,ACTIVE,BR940,2025-11-01 10:58:00+00:00
ACC00000662,CUST000167,LOAN,GBP,412172.58,25000,2022-11-01,,ACTIVE,BR592,2025-06-23 18:36:00+00:00
ACC00000663,CUST000199,SAVINGS,USD,-1603.68,0,2023-02-04,2020-06-16,ACTIVE,BR135,2025-12-20 17:33:00+00:00
ACC00000664,CUST000285,CURRENT,GBP,-4.49,5000,2018-02-15,,ACTIVE,BR367,2025-02-07 17:41:00+00:00
ACC00000665,CUST000481,SAVINGS,USD,175732.77,50000,2021-08-11,,CLOSED,BR531,2024-07-24 09:20:00+00:00
ACC00000666,CUST000417,SAVINGS,GBP,275119.26,25000,2025-04-29,,ACTIVE,BR283,2024-05-18 14:48:00+00:00
ACC00000667,CUST000098,SAVINGS,USD,66913.0,0,2018-03-26,,ACTIVE,BR267,2024-07-21 09:40:00+00:00
ACC00000668,CUST000417,CURRENT,GBP,217406.1,10000,2024-06-11,2023-12-13,ACTIVE,BR507,2025-03-12 12:27:00+00:00
ACC00000669,CUST000462,SAVINGS,GBP,313823.96,5000,2020-06-09,,ACTIVE,BR798,2025-01-21 02:31:00+00:00
ACC00000670,CUST000240,SAVINGS,USD,455917.93,50000,2019-09-23,2022-10-26,ACTIVE,BR629,2024-01-25 15:06:00+00:00
ACC00000671,CUST000238,SAVINGS,GBP,176754.16,50000,2020-01-14,,DORMANT,BR954,2024-11-25 17:30:00+00:00
ACC00000672,CUST000018,CURRENT,EUR,487531.18,0,2016-04-02,,ACTIVE,BR208,2025-09-16 12:19:00+00:00
ACC00000673,CUST000068,SAVINGS,EUR,95557.05,10000,2018-02-02,,ACTIVE,BR576,2025-05-24 09:49:00+00:00
ACC00000674,CUST000078,LOAN,EUR,138470.95,25000,2017-08-18,,CLOSED,BR925,2025-12-01 22:03:00+00:00
ACC00000675,CUST000231,CURRENT,USD,105567.25,25000,2018-03-18,,ACTIVE,BR184,2025-06-24 01:12:00+00:00
ACC00000676,CUST000433,SAVINGS,GBP,127309.42,50000,2023-06-20,,ACTIVE,BR454,2024-04-01 09:57:00+00:00
ACC00000677,CUST000448,CURRENT,USD,83013.68,25000,2015-08-04,,ACTIVE,BR802,2025-08-24 23:57:00+00:00
ACC00000678,CUST000232,CURRENT,USD,423004.76,5000,2024-07-11,,ACTIVE,BR850,2025-08-07 17:11:00+00:00
ACC00000679,CUST000408,CURRENT,GBP,119211.95,5000,2023-05-03,,ACTIVE,BR203,2025-10-18 10:47:00+00:00
ACC00000680,CUST000464,LOAN,USD,93973.72,10000,2016-03-19,,ACTIVE,BR771,2024-02-19 17:01:00+00:00
ACC00000681,CUST000029,CURRENT,USD,83919.1,0,2017-05-18,,ACTIVE,BR983,2024-02-18 09:24:00+00:00
ACC00000682,CUST000261,CURRENT,GBP,127203.25,10000,2016-08-27,,ACTIVE,BR514,2024-07-11 11:34:00+00:00
ACC00000683,CUST000283,INVESTMENT,USD,46101.06,0,2025-09-11,,DORMANT,BR922,2024-02-23 21:55:00+00:00
ACC00000684,CUST000340,SAVINGS,GBP,414880.1,0,2018-07-19,2023-12-23,ACTIVE,BR926,2025-03-20 23:32:00+00:00
ACC00000685,CUST000278,CURRENT,GBP,64307.98,0,2015-09-05,,DORMANT,BR112,2025-06-20 05:32:00+00:00
ACC00000686,CUST000010,SAVINGS,GBP,325708.94,10000,2018-04-18,,CLOSED,BR264,2025-01-14 21:44:00+00:00
ACC00000687,CUST000289,CURRENT,USD,441930.82,50000,2023-03-12,,ACTIVE,BR426,2024-02-15 06:06:00+00:00
ACC00000688,CUST000166,CURRENT,GBP,165883.56,5000,2018-03-03,,ACTIVE,BR231,2025-04-13 05:57:00+00:00
ACC00000689,CUST000459,SAVINGS,GBP,101169.88,0,2016-10-09,,ACTIVE,BR688,2024-08-14 22:20:00+00:00
ACC00000690,CUST000398,INVESTMENT,GBP,225382.86,50000,2020-06-30,,CLOSED,BR619,2024-03-15 22:13:00+00:00
ACC00000691,CUST000034,SAVINGS,GBP,181668.53,10000,2016-09-23,,ACTIVE,BR493,2025-05-22 06:36:00+00:00
ACC00000692,CUST000075,CURRENT,GBP,183036.88,5000,2015-04-13,,ACTIVE,BR802,2025-10-17 19:00:00+00:00
ACC00000693,CUST000421,CURRENT,USD,81536.7,10000,2024-05-04,,CLOSED,BR565,2024-02-16 12:13:00+00:00
ACC00000694,CUST000170,INVESTMENT,EUR,261098.0,25000,2018-05-11,,ACTIVE,BR111,2025-12-06 03:59:00+00:00
ACC00000695,CUST000188,SAVINGS,GBP,398506.53,50000,2019-02-03,,ACTIVE,BR597,2024-10-24 00:57:00+00:00
ACC00000696,CUST000268,CURRENT,GBP,309717.91,0,2025-07-15,,ACTIVE,BR769,2024-09-03 21:52:00+00:00
ACC00000697,CUST000083,CURRENT,USD,214027.62,10000,2018-02-21,,ACTIVE,BR786,2026-05-01 10:11:00+00:00
ACC00000698,CUST000303,CURRENT,USD,354025.78,0,2021-09-19,,ACTIVE,BR511,2025-02-03 07:23:00+00:00
ACC00000699,CUST000094,SAVINGS,EUR,54839.13,50000,2025-07-18,,ACTIVE,BR532,2026-05-07 12:02:00+00:00
ACC00000700,CUST000059,SAVINGS,EUR,440775.18,50000,2024-03-25,,ACTIVE,BR889,2024-06-08 04:38:00+00:00
ACC00000701,CUST000392,INVESTMENT,USD,61051.31,5000,2022-07-26,,ACTIVE,BR155,2024-09-09 19:42:00+00:00
ACC00000702,CUST000155,CURRENT,GBP,90768.77,25000,2024-12-16,,ACTIVE,BR410,2024-09-21 13:43:00+00:00
ACC00000703,CUST000429,CURRENT,GBP,263940.13,25000,2015-04-19,,ACTIVE,BR535,2025-08-07 22:55:00+00:00
ACC00000704,CUST000355,INVESTMENT,GBP,345648.72,10000,2021-06-07,,ACTIVE,BR364,2025-10-03 09:13:00+00:00
ACC00000705,CUST000136,SAVINGS,GBP,155565.56,10000,2017-06-30,,ACTIVE,BR859,2025-10-31 23:58:00+00:00
ACC00000706,CUST000044,CURRENT,GBP,211917.78,5000,2018-07-01,,ACTIVE,BR749,2024-10-06 13:44:00+00:00
ACC00000707,CUST000439,CURRENT,GBP,316252.19,50000,2016-05-06,,ACTIVE,BR218,2024-01-11 13:52:00+00:00
ACC00000708,CUST000186,INVESTMENT,GBP,460111.86,50000,2015-09-21,,ACTIVE,BR718,2025-02-27 12:17:00+00:00
ACC00000709,CUST000415,SAVINGS,USD,380356.6,50000,2018-11-22,,ACTIVE,BR926,2024-07-13 15:16:00+00:00
ACC00000710,CUST000152,INVESTMENT,GBP,291599.57,5000,2026-04-15,,ACTIVE,BR921,2025-09-06 00:40:00+00:00
ACC00000711,CUST000263,INVESTMENT,GBP,426489.89,0,2018-08-06,,ACTIVE,BR561,2025-12-10 12:02:00+00:00
ACC00000712,CUST000088,CURRENT,GBP,143562.29,25000,2015-03-31,,ACTIVE,BR614,2025-12-13 14:08:00+00:00
ACC00000713,CUST000188,INVESTMENT,GBP,70026.29,0,2023-11-22,,ACTIVE,BR481,2025-11-09 22:14:00+00:00
ACC00000714,CUST000019,SAVINGS,USD,119821.68,50000,2024-07-02,,ACTIVE,BR899,2024-03-13 20:07:00+00:00
ACC00000715,CUST000102,SAVINGS,GBP,312876.87,25000,2025-03-10,,DORMANT,BR584,2024-04-28 05:57:00+00:00
ACC00000716,CUST000047,SAVINGS,GBP,136437.02,10000,2020-10-14,,ACTIVE,BR829,2026-03-21 15:04:00+00:00
ACC00000717,CUST000253,CURRENT,EUR,58861.56,5000,2026-04-04,,ACTIVE,BR443,2024-07-06 17:20:00+00:00
ACC00000718,CUST000400,LOAN,USD,251676.09,10000,2021-11-12,,ACTIVE,BR964,2024-06-20 23:16:00+00:00
ACC00000719,CUST000453,INVESTMENT,USD,289961.52,5000,2020-02-06,,ACTIVE,BR647,2025-11-28 22:59:00+00:00
ACC00000720,CUST000078,SAVINGS,USD,241940.27,25000,2024-07-02,2024-09-20,ACTIVE,BR473,2025-12-12 12:18:00+00:00
ACC00000721,CUST000171,INVESTMENT,EUR,362285.76,25000,2018-07-08,,ACTIVE,BR214,2025-07-03 09:18:00+00:00
ACC00000722,CUST000242,SAVINGS,GBP,391255.94,5000,2021-02-04,,ACTIVE,BR904,2025-08-06 08:06:00+00:00
ACC00000723,CUST000437,SAVINGS,USD,394453.6,50000,2017-01-23,,ACTIVE,BR283,2026-02-18 03:25:00+00:00
ACC00000724,CUST000156,SAVINGS,GBP,305517.66,10000,2023-06-20,,ACTIVE,BR534,2026-04-22 06:05:00+00:00
ACC00000725,CUST000164,INVESTMENT,GBP,79553.94,5000,2017-10-22,,ACTIVE,BR644,2025-07-22 15:12:00+00:00
ACC00000726,CUST000385,CURRENT,GBP,190998.5,0,2019-10-02,,ACTIVE,BR877,2024-05-10 16:02:00+00:00
ACC00000727,CUST000050,CURRENT,USD,440623.15,50000,2023-12-25,,ACTIVE,BR492,2025-04-25 15:06:00+00:00
ACC00000728,CUST000492,CURRENT,GBP,374323.82,10000,2016-04-03,,ACTIVE,BR991,2024-04-24 07:02:00+00:00
ACC00000729,CUST000259,CURRENT,EUR,184004.38,10000,2019-11-29,,ACTIVE,BR790,2026-05-03 12:11:00+00:00
ACC00000730,CUST000497,SAVINGS,USD,257040.64,50000,2023-10-19,,ACTIVE,BR181,2024-03-26 22:51:00+00:00
ACC00000731,CUST000103,CURRENT,GBP,85394.25,0,2019-02-13,,ACTIVE,BR253,2024-03-10 07:27:00+00:00
ACC00000732,CUST000019,CURRENT,GBP,354805.87,10000,2016-09-24,,ACTIVE,BR107,2025-09-22 11:28:00+00:00
ACC00000733,CUST000194,SAVINGS,GBP,260365.21,50000,2025-07-04,,CLOSED,BR445,2026-01-26 04:28:00+00:00
ACC00000734,CUST000433,CURRENT,GBP,239065.01,25000,2025-09-15,,ACTIVE,BR824,2025-09-03 01:42:00+00:00
ACC00000735,CUST000058,CURRENT,GBP,477654.71,5000,2022-01-09,,ACTIVE,BR704,2025-05-30 06:49:00+00:00
ACC00000736,CUST000156,CURRENT,EUR,234247.87,25000,2024-02-01,,CLOSED,BR364,2024-08-03 23:20:00+00:00
ACC00000737,CUST000023,SAVINGS,GBP,288499.28,10000,2023-07-14,,ACTIVE,BR302,2024-02-14 18:00:00+00:00
ACC00000738,CUST000425,CURRENT,GBP,317243.33,25000,2018-09-12,,ACTIVE,BR627,2024-06-05 10:55:00+00:00
ACC00000739,CUST000436,SAVINGS,GBP,394265.36,0,2016-03-23,,ACTIVE,BR932,2024-09-13 05:22:00+00:00
ACC00000740,CUST000167,SAVINGS,GBP,323117.32,10000,2023-05-02,,ACTIVE,BR729,2025-04-18 06:57:00+00:00
ACC00000741,CUST000445,SAVINGS,USD,99635.8,5000,2024-07-07,,ACTIVE,BR845,2025-10-21 01:25:00+00:00
ACC00000742,CUST000052,CURRENT,USD,446916.74,5000,2019-05-15,,ACTIVE,BR993,2025-01-24 04:18:00+00:00
ACC00000743,CUST000384,CURRENT,GBP,223300.44,5000,2021-01-20,,ACTIVE,BR565,2025-06-01 02:14:00+00:00
ACC00000744,CUST000373,LOAN,GBP,113364.22,0,2017-06-07,,ACTIVE,BR545,2024-07-07 20:12:00+00:00
ACC00000745,CUST000012,SAVINGS,USD,105389.83,5000,2017-05-05,,ACTIVE,BR149,2024-12-09 21:46:00+00:00
ACC00000746,CUST000380,INVESTMENT,GBP,209636.54,25000,2016-09-29,,CLOSED,BR575,2025-03-25 00:55:00+00:00
ACC00000747,CUST000320,INVESTMENT,USD,185426.9,25000,2023-02-19,,ACTIVE,BR388,2025-03-27 02:53:00+00:00
ACC00000748,CUST000105,CURRENT,GBP,74390.71,10000,2022-07-11,,ACTIVE,BR140,2024-09-08 19:33:00+00:00
ACC00000749,CUST000101,CURRENT,USD,420427.96,5000,2015-08-18,,ACTIVE,BR224,2024-10-21 17:10:00+00:00
ACC00000750,CUST000144,SAVINGS,USD,123537.27,0,2020-05-16,,ACTIVE,BR988,2024-05-26 17:20:00+00:00
ACC00000751,CUST000267,SAVINGS,GBP,37803.25,50000,2021-04-30,,ACTIVE,BR601,2024-02-28 03:43:00+00:00
ACC00000752,CUST000387,CURRENT,GBP,374569.49,25000,2018-08-26,,ACTIVE,BR571,2024-03-07 13:33:00+00:00
ACC00000753,CUST000336,SAVINGS,USD,143999.25,10000,2017-05-22,,DORMANT,BR475,2025-07-01 00:39:00+00:00
ACC00000754,CUST000137,CURRENT,GBP,257004.46,25000,2016-06-19,,CLOSED,BR151,2026-01-07 05:46:00+00:00
ACC00000755,CUST000079,SAVINGS,USD,111239.68,25000,2019-10-02,,ACTIVE,BR713,2024-11-25 11:02:00+00:00
ACC00000756,CUST000058,CURRENT,USD,15777.18,10000,2015-03-31,,ACTIVE,BR802,2024-05-26 03:43:00+00:00
ACC00000757,CUST000480,CURRENT,GBP,253692.35,25000,2021-12-07,,DORMANT,BR478,2024-08-27 00:24:00+00:00
ACC00000758,CUST000280,CURRENT,USD,164868.86,25000,2019-03-18,,ACTIVE,BR358,2024-01-04 18:03:00+00:00
ACC00000759,CUST000052,CURRENT,GBP,222831.36,0,2019-07-11,,ACTIVE,BR535,2026-04-13 12:49:00+00:00
ACC00000760,CUST000272,CURRENT,EUR,213415.36,50000,2015-09-23,,ACTIVE,BR445,2025-08-03 03:54:00+00:00
ACC00000761,CUST000275,CURRENT,USD,180593.53,10000,2020-05-22,,ACTIVE,BR791,2024-08-17 20:02:00+00:00
ACC00000762,CUST000136,SAVINGS,GBP,246259.25,10000,2021-01-14,,ACTIVE,BR403,2025-07-31 17:04:00+00:00
ACC00000763,CUST000472,CURRENT,GBP,132874.83,5000,2016-11-27,,ACTIVE,BR885,2024-01-21 20:52:00+00:00
ACC00000764,CUST000403,LOAN,EUR,7482.69,50000,2016-01-03,,ACTIVE,BR938,2025-05-02 18:41:00+00:00
ACC00000765,CUST000288,SAVINGS,GBP,218052.69,25000,2025-11-07,,ACTIVE,BR124,2025-01-30 09:43:00+00:00
ACC00000766,CUST000086,CURRENT,USD,129140.56,0,2016-01-10,,ACTIVE,BR655,2025-09-22 12:28:00+00:00
ACC00000767,CUST000156,CURRENT,GBP,33323.66,5000,2016-01-29,,ACTIVE,BR373,2026-02-05 07:43:00+00:00
ACC00000768,CUST000447,CURRENT,GBP,450245.3,10000,2022-01-21,,ACTIVE,BR283,2025-05-17 19:16:00+00:00
ACC00000769,CUST000271,SAVINGS,GBP,143731.5,50000,2017-02-02,,ACTIVE,BR400,2024-12-19 20:29:00+00:00
ACC00000770,CUST000026,LOAN,GBP,248391.28,0,2021-12-03,,ACTIVE,BR465,2025-05-05 04:29:00+00:00
ACC00000771,CUST000015,SAVINGS,USD,271059.2,10000,2015-03-11,2025-09-02,ACTIVE,BR527,2025-07-03 11:14:00+00:00
ACC00000772,CUST000452,CURRENT,GBP,34470.3,25000,2022-12-31,,ACTIVE,BR117,2024-05-27 09:40:00+00:00
ACC00000773,CUST000026,LOAN,GBP,134594.6,5000,2021-05-02,,ACTIVE,BR557,2026-01-18 05:24:00+00:00
ACC00000774,CUST000192,SAVINGS,USD,110009.5,50000,2023-12-06,,ACTIVE,BR432,2024-09-20 05:23:00+00:00
ACC00000775,CUST000044,CURRENT,USD,54886.88,5000,2026-03-21,,ACTIVE,BR404,2026-01-27 00:27:00+00:00
ACC00000776,CUST000196,CURRENT,USD,176919.63,25000,2019-05-16,,ACTIVE,BR751,2026-04-04 09:09:00+00:00
ACC00000777,CUST000353,INVESTMENT,GBP,270743.16,25000,2022-01-20,,ACTIVE,BR136,2024-02-13 14:26:00+00:00
ACC00000778,CUST000446,SAVINGS,USD,163547.71,10000,2023-10-06,,ACTIVE,BR710,2025-12-28 17:54:00+00:00
ACC00000779,CUST000315,CURRENT,USD,335929.2,5000,2022-12-25,,ACTIVE,BR214,2024-08-20 12:08:00+00:00
ACC00000780,CUST000346,INVESTMENT,USD,121261.94,5000,2017-11-27,,ACTIVE,BR465,2025-10-03 11:13:00+00:00
ACC00000781,CUST000223,SAVINGS,EUR,371331.73,5000,2017-03-08,,ACTIVE,BR849,2025-02-19 13:56:00+00:00
ACC00000782,CUST000178,CURRENT,USD,383083.84,5000,2022-06-07,,ACTIVE,BR137,2025-03-03 14:46:00+00:00
ACC00000783,CUST000167,CURRENT,USD,421951.36,0,2024-02-19,,ACTIVE,BR644,2025-04-08 14:24:00+00:00
ACC00000784,CUST000100,SAVINGS,GBP,91274.43,10000,2026-04-18,,DORMANT,BR856,2025-04-19 11:21:00+00:00
ACC00000785,CUST000380,CURRENT,GBP,300037.19,50000,2017-04-07,,FROZEN,BR505,2024-11-29 21:25:00+00:00
ACC00000786,CUST000405,CURRENT,GBP,64621.89,0,2026-04-06,,ACTIVE,BR354,2024-05-16 23:33:00+00:00
ACC00000787,CUST000040,CURRENT,USD,426774.6,5000,2018-05-15,,ACTIVE,BR279,2024-07-29 07:13:00+00:00
ACC00000788,CUST000462,SAVINGS,USD,356673.61,25000,2015-07-14,,ACTIVE,BR186,2025-12-30 06:36:00+00:00
ACC00000789,CUST000383,INVESTMENT,GBP,269278.45,25000,2023-07-28,,ACTIVE,BR647,2024-07-18 23:42:00+00:00
ACC00000790,CUST000284,CURRENT,GBP,126873.4,5000,2025-09-12,,ACTIVE,BR196,2026-03-13 19:23:00+00:00
ACC00000791,CUST000047,LOAN,GBP,383888.43,0,2015-11-03,,ACTIVE,BR229,2025-04-19 17:55:00+00:00
ACC00000792,CUST000402,CURRENT,GBP,137331.86,0,2021-07-04,,ACTIVE,BR844,2026-02-21 13:23:00+00:00
ACC00000793,CUST000350,CURRENT,GBP,170049.34,10000,2018-08-13,,ACTIVE,BR248,2025-10-21 09:13:00+00:00
ACC00000794,CUST000049,LOAN,USD,498405.38,25000,2018-05-26,,ACTIVE,BR748,2025-02-06 04:30:00+00:00
ACC00000795,CUST000156,CURRENT,USD,472636.58,5000,2025-05-21,,CLOSED,BR605,2024-04-21 17:41:00+00:00
ACC00000796,CUST000323,SAVINGS,GBP,410039.96,0,2016-10-07,,ACTIVE,BR541,2025-04-08 09:57:00+00:00
ACC00000797,CUST000384,CURRENT,GBP,377692.07,0,2017-02-03,,ACTIVE,BR381,2026-05-02 19:26:00+00:00
ACC00000798,CUST000236,SAVINGS,USD,1004.81,50000,2020-03-12,,ACTIVE,BR453,2024-02-22 06:13:00+00:00
ACC00000799,CUST000474,CURRENT,GBP,325315.97,10000,2019-11-02,,DORMANT,BR569,2024-12-11 17:56:00+00:00
ACC00000800,CUST000072,SAVINGS,GBP,494583.69,50000,2018-02-27,,ACTIVE,BR805,2024-06-09 21:24:00+00:00
