customer_id,full_name,date_of_birth,email,phone,country_code,customer_segment,kyc_status,onboarded_date,relationship_manager_id,last_updated_ts
CUST000001,Customer 1,1959-12-28,customer1@example.com,+447639362057,GB,RETAIL,VERIFIED,2023-07-11,RM0009,2025-12-22 21:33:00+00:00
CUST000002,Customer 2,1952-03-30,customer2@example.com,+447340696084,SG,RETAIL,VERIFIED,2016-12-03,RM0019,2026-02-24 23:36:00+00:00
CUST000003,Customer 3,1974-09-04,customer3@example.com,+447810943524,SG,RETAIL,VERIFIED,2021-08-16,RM0004,2026-01-11 18:14:00+00:00
CUST000004,Customer 4,1971-12-21,customer4@example.com,+447957161300,AE,PRIVATE_BANKING,VERIFIED,2020-07-11,,2025-11-16 10:33:00+00:00
CUST000005,Customer 5,1970-01-10,customer5@example.com,+447475209597,FR,RETAIL,VERIFIED,2016-08-25,RM0002,2025-06-19 22:44:00+00:00
CUST000006,Customer 6,1962-07-09,customer6@example.com,+447657830420,DE,CORPORATE,VERIFIED,2016-11-03,RM0001,2025-09-25 03:27:00+00:00
CUST000007,Customer 7,1959-03-13,customer7@example.com,+447875106572,GB,CORPORATE,VERIFIED,2021-01-04,,2025-11-08 23:15:00+00:00
CUST000008,Customer 8,1998-12-05,customer8@example.com,+447772314530,GB,CORPORATE,FAILED,2018-06-17,RM0013,2025-05-08 11:42:00+00:00
CUST000009,Customer 9,1957-10-19,customer9@example.com,+447957799499,DE,RETAIL,VERIFIED,2023-07-10,RM0006,2025-11-23 20:24:00+00:00
CUST000010,Customer 10,1987-11-08,customer10@example.com,+447542001424,US,RETAIL,VERIFIED,2018-06-17,RM0002,2024-06-01 17:57:00+00:00
CUST000011,Customer 11,1952-11-07,customer11@example.com,+447458209399,US,RETAIL,VERIFIED,2023-09-27,RM0014,2025-09-19 01:00:00+00:00
CUST000012,Customer 12,1952-09-03,customer12@example.com,+447891816852,GB,RETAIL,VERIFIED,2022-02-07,,2025-10-20 05:32:00+00:00
CUST000013,Customer 13,1958-05-29,customer13@example.com,+447973727854,AE,CORPORATE,VERIFIED,2023-02-02,,2025-04-25 15:55:00+00:00
CUST000014,Customer 14,1969-08-13,customer14@example.com,+447588273030,AE,RETAIL,VERIFIED,2017-05-22,RM0011,2024-06-18 02:48:00+00:00
CUST000015,Customer 15,1970-11-15,customer15@example.com,+447478796089,FR,RETAIL,PENDING,2017-01-19,,2025-05-18 10:15:00+00:00
CUST000016,Customer 16,1995-05-04,customer16@example.com,+447963369870,AE,CORPORATE,VERIFIED,2015-02-12,,2024-12-04 08:03:00+00:00
CUST000017,Customer 17,1952-05-19,customer17@example.com,+447170894498,AE,RETAIL,VERIFIED,2021-11-30,RM0017,2025-06-03 07:35:00+00:00
CUST000018,Customer 18,2000-05-08,customer18@example.com,+447798493949,SG,CORPORATE,VERIFIED,2024-12-22,RM0002,2025-10-20 12:25:00+00:00
CUST000019,Customer 19,1967-11-03,customer19@example.com,+447925023116,US,CORPORATE,VERIFIED,2023-01-27,,2026-04-16 07:05:00+00:00
CUST000020,Customer 20,1998-11-21,customer20@example.com,+447509677794,GB,RETAIL,VERIFIED,2021-01-18,RM0002,2025-04-15 14:51:00+00:00
CUST000021,Customer 21,1987-08-21,customer21@example.com,+447483258726,SG,PRIVATE_BANKING,VERIFIED,2017-04-17,RM0003,2025-08-09 14:05:00+00:00
CUST000022,Customer 22,1969-10-11,customer22@example.com,+447278304807,DE,RETAIL,VERIFIED,2017-12-21,RM0010,2025-05-25 14:20:00+00:00
CUST000023,Customer 23,1990-04-20,customer23@example.com,+447807214179,FR,RETAIL,VERIFIED,2016-12-16,RM0010,2024-05-01 15:47:00+00:00
CUST000024,Customer 24,1974-12-16,customer24@example.com,+447265471644,AE,RETAIL,VERIFIED,2019-03-16,RM0018,2025-10-31 00:06:00+00:00
CUST000025,Customer 25,1950-08-01,customer25@example.com,+447901795907,US,CORPORATE,VERIFIED,2024-08-31,RM0012,2025-02-17 13:02:00+00:00
CUST000026,Customer 26,1964-04-28,customer26@example.com,+447684683755,FR,RETAIL,VERIFIED,2025-01-24,,2025-07-24 17:00:00+00:00
CUST000027,Customer 27,1987-12-01,customer27@example.com,+447297760792,FR,RETAIL,VERIFIED,2024-02-25,RM0010,2026-04-25 02:50:00+00:00
CUST000028,Customer 28,1980-07-11,customer28@example.com,+447822286180,DE,RETAIL,PENDING,2017-04-26,RM0008,2025-09-10 19:40:00+00:00
CUST000029,Customer 29,1974-12-06,customer29@example.com,+447835021998,GB,RETAIL,VERIFIED,2015-08-04,RM0019,2024-11-07 16:35:00+00:00
CUST000030,Customer 30,1963-12-13,customer30@example.com,+447559741412,DE,RETAIL,VERIFIED,2017-01-04,RM0007,2024-07-30 20:42:00+00:00
CUST000031,Customer 31,1969-04-26,customer31@example.com,+447520332086,US,RETAIL,VERIFIED,2022-12-09,RM0018,2025-04-12 10:23:00+00:00
CUST000032,Customer 32,1980-03-13,customer32@example.com,+447672966010,SG,RETAIL,VERIFIED,2017-02-01,RM0008,2026-04-25 01:52:00+00:00
CUST000033,Customer 33,1959-03-04,customer33@example.com,+447256888294,AE,RETAIL,VERIFIED,2022-04-11,,2024-08-16 14:21:00+00:00
CUST000034,Customer 34,1958-04-28,customer34@example.com,+447294846763,US,RETAIL,VERIFIED,2023-08-22,RM0001,2025-07-27 19:38:00+00:00
CUST000035,Customer 35,1984-02-01,customer35@example.com,+447472309605,SG,RETAIL,VERIFIED,2015-04-12,,2025-04-29 22:42:00+00:00
CUST000036,Customer 36,1958-09-05,customer36@example.com,+447083197117,US,RETAIL,PENDING,2021-07-18,RM0001,2025-01-07 22:28:00+00:00
CUST000037,Customer 37,1982-03-17,customer37@example.com,+447766162966,AE,CORPORATE,PENDING,2024-04-12,RM0001,2024-04-26 03:48:00+00:00
CUST000038,Customer 38,1980-11-09,customer38@example.com,+447306798268,SG,RETAIL,VERIFIED,2023-09-12,RM0013,2025-11-05 07:00:00+00:00
CUST000039,Customer 39,1973-09-24,customer39@example.com,+447251785565,FR,CORPORATE,VERIFIED,2016-11-24,RM0010,2024-12-15 11:53:00+00:00
CUST000040,Customer 40,1953-11-24,customer40@example.com,+447291751878,DE,CORPORATE,VERIFIED,2020-06-11,,2025-10-10 09:35:00+00:00
CUST000041,Customer 41,1991-03-21,customer41@example.com,+447360613550,US,RETAIL,VERIFIED,2018-10-21,RM0008,2025-06-18 11:44:00+00:00
CUST000042,Customer 42,1998-02-09,customer42@example.com,+447343285529,US,RETAIL,VERIFIED,2023-07-16,RM0002,2024-04-18 01:57:00+00:00
CUST000043,Customer 43,1961-03-14,customer43@example.com,+447958880263,AE,RETAIL,VERIFIED,2018-10-20,RM0005,2024-06-17 15:08:00+00:00
CUST000044,Customer 44,1983-12-17,customer44@example.com,+447579984033,DE,RETAIL,VERIFIED,2018-02-11,RM0003,2026-04-21 22:47:00+00:00
CUST000045,Customer 45,1957-01-26,customer45@example.com,+447086519602,FR,CORPORATE,VERIFIED,2021-01-11,,2026-01-08 13:06:00+00:00
CUST000046,Customer 46,1999-07-12,customer46@example.com,+447148578017,AE,CORPORATE,VERIFIED,2021-10-02,,2024-09-17 19:12:00+00:00
CUST000047,Customer 47,1976-04-20,customer47@example.com,+447161953189,FR,RETAIL,PENDING,2021-01-07,RM0014,2024-07-11 03:59:00+00:00
CUST000048,Customer 48,1982-06-12,customer48@example.com,+447248315126,FR,CORPORATE,VERIFIED,2026-01-22,RM0012,2025-02-06 06:29:00+00:00
CUST000049,Customer 49,1967-04-02,customer49@example.com,+447411281012,DE,RETAIL,VERIFIED,2018-04-10,RM0003,2026-04-24 06:45:00+00:00
CUST000050,Customer 50,1956-03-29,customer50@example.com,+447745122940,US,RETAIL,VERIFIED,2016-06-02,RM0017,2024-12-12 03:48:00+00:00
CUST000051,Customer 51,1954-02-10,customer51@example.com,+447164073400,DE,RETAIL,VERIFIED,2018-10-01,,2025-02-28 01:59:00+00:00
CUST000052,Customer 52,1970-06-12,customer52@example.com,+447758511779,SG,RETAIL,VERIFIED,2024-09-30,RM0003,2025-10-10 21:37:00+00:00
CUST000053,Customer 53,1975-12-18,customer53@example.com,+447229730155,FR,RETAIL,VERIFIED,2021-03-10,RM0002,2024-05-06 14:29:00+00:00
CUST000054,Customer 54,1957-02-27,customer54@example.com,+447068965204,SG,RETAIL,VERIFIED,2024-06-11,RM0005,2025-11-05 18:32:00+00:00
CUST000055,Customer 55,1970-11-20,customer55@example.com,+447445461013,US,CORPORATE,VERIFIED,2021-09-21,,2024-05-17 15:00:00+00:00
CUST000056,Customer 56,1959-01-23,customer56@example.com,+447437656494,FR,RETAIL,VERIFIED,2025-11-10,,2025-06-27 23:03:00+00:00
CUST000057,Customer 57,1984-02-07,customer57@example.com,+447355281184,AE,CORPORATE,VERIFIED,2016-09-22,RM0013,2025-07-20 13:53:00+00:00
CUST000058,Customer 58,1974-12-09,customer58@example.com,+447582624278,DE,RETAIL,VERIFIED,2023-02-06,RM0011,2025-08-22 15:59:00+00:00
CUST000059,Customer 59,1990-09-05,customer59@example.com,+447500282414,SG,RETAIL,FAILED,2020-08-23,RM0009,2025-06-04 05:44:00+00:00
CUST000060,Customer 60,1982-09-24,customer60@example.com,+447446434187,GB,RETAIL,VERIFIED,2020-07-13,,2025-08-15 05:46:00+00:00
CUST000061,Customer 61,1964-08-04,customer61@example.com,+447066857303,AE,RETAIL,VERIFIED,2026-02-13,RM0005,2026-04-14 04:06:00+00:00
CUST000062,Customer 62,1983-03-19,customer62@example.com,+447222086735,FR,RETAIL,VERIFIED,2019-05-21,RM0019,2025-01-31 21:38:00+00:00
CUST000063,Customer 63,1981-11-15,customer63@example.com,+447894310083,US,RETAIL,VERIFIED,2025-04-08,,2025-09-12 10:32:00+00:00
CUST000064,Customer 64,1968-10-18,customer64@example.com,+447451125671,GB,RETAIL,VERIFIED,2017-05-26,,2025-01-28 13:38:00+00:00
CUST000065,Customer 65,1973-12-14,customer65@example.com,+447418197538,FR,RETAIL,VERIFIED,2018-01-14,RM0011,2025-12-10 07:17:00+00:00
CUST000066,Customer 66,1956-05-28,customer66@example.com,+447971562912,FR,RETAIL,PENDING,2021-10-31,RM0018,2025-02-11 10:18:00+00:00
CUST000067,Customer 67,1965-05-09,customer67@example.com,+447826561919,GB,RETAIL,VERIFIED,2015-02-25,RM0007,2025-04-08 04:08:00+00:00
CUST000068,Customer 68,1997-12-02,customer68@example.com,+447627150493,AE,RETAIL,VERIFIED,2023-11-16,RM0015,2025-02-26 19:44:00+00:00
CUST000069,Customer 69,1971-12-18,customer69@example.com,+447746812123,AE,RETAIL,VERIFIED,2022-06-14,,2026-02-05 16:19:00+00:00
CUST000070,Customer 70,1964-08-29,customer70@example.com,+447020972273,DE,CORPORATE,VERIFIED,2023-07-10,,2025-12-19 17:55:00+00:00
CUST000071,Customer 71,1991-06-22,customer71@example.com,+447919909014,GB,RETAIL,VERIFIED,2022-05-23,,2024-11-17 22:47:00+00:00
CUST000072,Customer 72,1984-01-16,customer72@example.com,+447945597897,SG,RETAIL,FAILED,2024-11-15,RM0020,2025-07-20 20:13:00+00:00
CUST000073,Customer 73,1974-03-21,customer73@example.com,+447822050912,DE,RETAIL,VERIFIED,2022-07-05,,2024-07-24 06:39:00+00:00
CUST000074,Customer 74,1999-12-20,customer74@example.com,+447618142807,SG,RETAIL,PENDING,2024-08-28,RM0011,2026-01-01 09:43:00+00:00
CUST000075,Customer 75,1969-09-14,customer75@example.com,+447408431021,FR,RETAIL,VERIFIED,2018-01-20,,2024-12-19 21:08:00+00:00
CUST000076,Customer 76,1979-02-04,customer76@example.com,+447512153089,US,CORPORATE,VERIFIED,2021-09-27,RM0012,2025-12-28 20:11:00+00:00
CUST000077,Customer 77,1955-01-07,customer77@example.com,+447006330865,AE,RETAIL,VERIFIED,2022-03-11,RM0002,2025-05-30 17:44:00+00:00
CUST000078,Customer 78,1970-07-20,customer78@example.com,+447377698143,AE,PRIVATE_BANKING,VERIFIED,2019-07-04,RM0009,2025-10-14 10:45:00+00:00
CUST000079,Customer 79,1952-11-17,customer79@example.com,+447320632895,US,CORPORATE,VERIFIED,2025-09-29,RM0006,2024-04-28 11:35:00+00:00
CUST000080,Customer 80,1978-04-20,customer80@example.com,+447809037759,FR,RETAIL,VERIFIED,2022-01-17,,2025-05-06 18:36:00+00:00
CUST000081,Customer 81,1985-12-28,customer81@example.com,+447418744974,DE,RETAIL,VERIFIED,2018-12-26,RM0015,2025-11-14 22:26:00+00:00
CUST000082,Customer 82,1974-01-08,customer82@example.com,+447916382757,AE,RETAIL,VERIFIED,2023-12-07,RM0018,2025-11-21 23:57:00+00:00
CUST000083,Customer 83,1955-12-09,customer83@example.com,+447957392814,FR,RETAIL,VERIFIED,2022-02-27,,2025-06-30 09:56:00+00:00
CUST000084,Customer 84,1968-12-05,customer84@example.com,+447897356828,AE,PRIVATE_BANKING,VERIFIED,2021-07-15,RM0005,2025-03-08 00:33:00+00:00
CUST000085,Customer 85,2000-11-19,customer85@example.com,+447449920675,AE,RETAIL,PENDING,2026-01-05,,2024-04-19 00:24:00+00:00
CUST000086,Customer 86,1978-03-26,customer86@example.com,+447577909930,US,RETAIL,VERIFIED,2020-06-08,,2024-05-28 01:42:00+00:00
CUST000087,Customer 87,1969-01-28,customer87@example.com,+447802638839,SG,RETAIL,VERIFIED,2022-04-23,RM0008,2024-02-27 06:17:00+00:00
CUST000088,Customer 88,1994-10-15,customer88@example.com,+447788807316,DE,PRIVATE_BANKING,VERIFIED,2023-06-08,,2026-02-07 05:18:00+00:00
CUST000089,Customer 89,1985-06-30,customer89@example.com,+447586405096,AE,RETAIL,VERIFIED,2021-04-15,RM0012,2025-11-30 08:09:00+00:00
CUST000090,Customer 90,1991-03-02,customer90@example.com,+447858851904,FR,RETAIL,VERIFIED,2023-10-24,RM0003,2024-03-04 22:50:00+00:00
CUST000091,Customer 91,1962-10-26,customer91@example.com,+447647737533,SG,CORPORATE,VERIFIED,2023-03-10,RM0009,2024-10-29 06:48:00+00:00
CUST000092,Customer 92,1973-10-06,customer92@example.com,+447964017593,US,CORPORATE,VERIFIED,2017-07-21,RM0003,2025-07-08 01:22:00+00:00
CUST000093,Customer 93,1962-07-12,customer93@example.com,+447236801619,US,RETAIL,VERIFIED,2019-06-25,,2026-04-13 14:06:00+00:00
CUST000094,Customer 94,1972-02-16,customer94@example.com,+447524232414,FR,CORPORATE,VERIFIED,2019-01-13,,2025-09-22 21:47:00+00:00
CUST000095,Customer 95,2000-05-12,customer95@example.com,+447235602191,AE,CORPORATE,VERIFIED,2015-08-09,RM0015,2025-07-29 07:47:00+00:00
CUST000096,Customer 96,1998-05-10,customer96@example.com,+447293062061,DE,RETAIL,VERIFIED,2025-05-09,RM0003,2025-10-24 17:24:00+00:00
CUST000097,Customer 97,1973-07-28,customer97@example.com,+447467975319,GB,RETAIL,VERIFIED,2019-09-14,RM0011,2024-08-31 16:50:00+00:00
CUST000098,Customer 98,1988-06-08,customer98@example.com,+447521454127,FR,RETAIL,VERIFIED,2024-10-31,,2026-03-26 22:18:00+00:00
CUST000099,Customer 99,1985-10-31,customer99@example.com,+447031165166,DE,RETAIL,VERIFIED,2021-07-14,RM0002,2025-12-10 21:03:00+00:00
CUST000100,Customer 100,1982-06-23,customer100@example.com,+447417532243,FR,RETAIL,VERIFIED,2016-07-20,,2025-01-25 12:26:00+00:00
CUST000101,Customer 101,1969-09-04,customer101@example.com,+447360916347,FR,RETAIL,PENDING,2024-03-05,RM0013,2026-03-18 21:20:00+00:00
CUST000102,Customer 102,1962-05-30,customer102@example.com,+447718197581,DE,RETAIL,VERIFIED,2026-03-14,RM0013,2025-07-19 01:00:00+00:00
CUST000103,Customer 103,1995-09-18,customer103@example.com,+447729223044,US,RETAIL,PENDING,2018-02-14,RM0006,2026-01-31 08:12:00+00:00
CUST000104,Customer 104,1994-04-11,customer104@example.com,+447856998797,US,PRIVATE_BANKING,PENDING,2021-10-16,RM0006,2025-09-27 14:53:00+00:00
CUST000105,Customer 105,1958-02-26,customer105@example.com,+447434131719,SG,RETAIL,VERIFIED,2020-06-05,,2024-08-18 20:45:00+00:00
CUST000106,Customer 106,1954-03-24,customer106@example.com,+447777583839,FR,RETAIL,VERIFIED,2020-08-31,RM0005,2025-12-27 20:23:00+00:00
CUST000107,Customer 107,1959-11-02,customer107@example.com,+447177215428,US,RETAIL,PENDING,2018-06-16,,2026-02-12 18:34:00+00:00
CUST000108,Customer 108,1963-09-18,customer108@example.com,+447902486082,SG,RETAIL,VERIFIED,2024-06-28,RM0008,2026-01-26 19:12:00+00:00
CUST000109,Customer 109,1964-05-09,customer109@example.com,+447501856351,GB,CORPORATE,VERIFIED,2023-06-16,RM0016,2026-03-05 23:12:00+00:00
CUST000110,Customer 110,1987-11-16,customer110@example.com,+447987350298,SG,RETAIL,PENDING,2016-08-28,RM0018,2024-10-28 14:11:00+00:00
CUST000111,Customer 111,1955-09-13,customer111@example.com,+447137039296,SG,CORPORATE,VERIFIED,2025-01-26,RM0003,2025-11-30 02:11:00+00:00
CUST000112,Customer 112,1984-07-09,customer112@example.com,+447668143326,SG,CORPORATE,VERIFIED,2025-09-30,,2024-06-26 23:32:00+00:00
CUST000113,Customer 113,1984-03-27,customer113@example.com,+447573510887,DE,CORPORATE,VERIFIED,2023-12-28,,2024-05-02 12:02:00+00:00
CUST000114,Customer 114,1991-12-29,customer114@example.com,+447028955006,FR,RETAIL,VERIFIED,2024-05-19,,2025-03-14 08:35:00+00:00
CUST000115,Customer 115,1997-06-21,customer115@example.com,+447973807454,SG,RETAIL,PENDING,2015-10-29,RM0017,2024-09-27 04:10:00+00:00
CUST000116,Customer 116,1972-07-22,customer116@example.com,+447423076025,AE,CORPORATE,PENDING,2023-01-24,,2025-08-21 08:00:00+00:00
CUST000117,Customer 117,1999-08-20,customer117@example.com,+447635540030,DE,RETAIL,VERIFIED,2016-11-27,RM0018,2024-12-04 14:45:00+00:00
CUST000118,Customer 118,1951-01-12,customer118@example.com,+447606011277,GB,RETAIL,PENDING,2017-06-14,RM0013,2024-06-07 01:09:00+00:00
CUST000119,Customer 119,1960-04-11,customer119@example.com,+447711890569,FR,RETAIL,VERIFIED,2020-07-26,RM0012,2024-11-26 19:03:00+00:00
CUST000120,Customer 120,1998-03-05,customer120@example.com,+447029100607,FR,CORPORATE,PENDING,2022-12-18,RM0016,2026-03-03 20:39:00+00:00
CUST000121,Customer 121,1973-12-09,customer121@example.com,+447090137896,AE,CORPORATE,FAILED,2018-09-24,RM0019,2025-11-08 09:31:00+00:00
CUST000122,Customer 122,1980-07-08,customer122@example.com,+447690147183,AE,CORPORATE,VERIFIED,2015-12-29,RM0013,2026-03-19 18:35:00+00:00
CUST000123,Customer 123,1960-01-04,customer123@example.com,+447460219456,DE,RETAIL,VERIFIED,2023-12-18,,2025-01-01 02:50:00+00:00
CUST000124,Customer 124,1976-05-01,customer124@example.com,+447145706210,FR,RETAIL,PENDING,2022-06-09,,2025-12-25 10:33:00+00:00
CUST000125,Customer 125,1989-01-02,customer125@example.com,+447930774552,DE,RETAIL,PENDING,2024-08-27,RM0001,2024-08-13 05:33:00+00:00
CUST000126,Customer 126,1964-03-10,customer126@example.com,+447495744935,SG,RETAIL,PENDING,2017-05-17,RM0009,2024-03-10 16:10:00+00:00
CUST000127,Customer 127,1990-09-15,customer127@example.com,+447195130056,DE,RETAIL,PENDING,2015-03-28,,2025-03-01 17:34:00+00:00
CUST000128,Customer 128,1950-04-17,customer128@example.com,+447053992714,FR,RETAIL,VERIFIED,2017-03-18,RM0017,2025-02-17 02:22:00+00:00
CUST000129,Customer 129,1973-08-18,customer129@example.com,+447279340713,GB,RETAIL,VERIFIED,2020-10-20,RM0019,2024-08-14 06:42:00+00:00
CUST000130,Customer 130,1994-11-29,customer130@example.com,+447407059676,DE,CORPORATE,VERIFIED,2019-12-24,RM0006,2024-12-05 10:23:00+00:00
CUST000131,Customer 131,1966-01-11,customer131@example.com,+447351492250,AE,RETAIL,FAILED,2019-12-16,,2024-10-27 06:48:00+00:00
CUST000132,Customer 132,1995-07-19,customer132@example.com,+447227268503,DE,RETAIL,VERIFIED,2024-12-30,RM0009,2025-09-25 16:30:00+00:00
CUST000133,Customer 133,1959-07-19,customer133@example.com,+447488229686,SG,RETAIL,FAILED,2023-05-23,RM0002,2025-07-28 20:00:00+00:00
CUST000134,Customer 134,1976-10-10,customer134@example.com,+447350948014,FR,CORPORATE,VERIFIED,2023-10-10,RM0008,2024-04-27 21:22:00+00:00
CUST000135,Customer 135,1995-07-19,customer135@example.com,+447362388455,AE,RETAIL,VERIFIED,2025-05-21,RM0013,2025-04-01 07:57:00+00:00
CUST000136,Customer 136,1967-11-05,customer136@example.com,+447817364173,AE,CORPORATE,PENDING,2026-03-23,RM0006,2025-10-19 19:58:00+00:00
CUST000137,Customer 137,1963-09-18,customer137@example.com,+447944506245,AE,RETAIL,PENDING,2018-05-19,,2025-09-28 07:02:00+00:00
CUST000138,Customer 138,1983-07-19,customer138@example.com,+447407083673,DE,PRIVATE_BANKING,VERIFIED,2022-09-26,RM0012,2025-11-29 10:24:00+00:00
CUST000139,Customer 139,1964-06-29,customer139@example.com,+447298775766,US,PRIVATE_BANKING,VERIFIED,2015-07-21,RM0001,2026-03-26 03:24:00+00:00
CUST000140,Customer 140,1998-05-23,customer140@example.com,+447807464398,SG,RETAIL,VERIFIED,2025-10-29,RM0012,2024-09-19 17:46:00+00:00
CUST000141,Customer 141,1997-07-31,customer141@example.com,+447893271900,SG,RETAIL,VERIFIED,2017-05-06,RM0019,2024-10-16 00:58:00+00:00
CUST000142,Customer 142,1950-01-19,customer142@example.com,+447452651788,AE,RETAIL,VERIFIED,2021-08-17,,2025-06-13 11:32:00+00:00
CUST000143,Customer 143,1979-01-30,customer143@example.com,+447270874491,GB,RETAIL,VERIFIED,2024-04-30,RM0016,2026-04-02 16:28:00+00:00
CUST000144,Customer 144,1993-11-01,customer144@example.com,+447896478772,GB,PRIVATE_BANKING,VERIFIED,2016-12-04,RM0006,2025-05-13 01:18:00+00:00
CUST000145,Customer 145,1951-10-01,customer145@example.com,+447087946147,FR,CORPORATE,VERIFIED,2017-08-08,RM0003,2025-10-29 06:20:00+00:00
CUST000146,Customer 146,1960-01-14,customer146@example.com,+447504988121,AE,CORPORATE,VERIFIED,2018-03-06,,2025-06-10 02:06:00+00:00
CUST000147,Customer 147,1982-07-26,customer147@example.com,+447020812641,AE,RETAIL,VERIFIED,2022-10-24,RM0001,2024-06-20 17:34:00+00:00
CUST000148,Customer 148,1977-08-03,customer148@example.com,+447804258674,SG,RETAIL,VERIFIED,2021-12-30,RM0001,2024-01-08 20:04:00+00:00
CUST000149,Customer 149,1971-06-26,customer149@example.com,+447579196799,DE,RETAIL,VERIFIED,2022-09-11,RM0020,2024-08-03 21:40:00+00:00
CUST000150,Customer 150,1955-03-14,customer150@example.com,+447055926488,GB,CORPORATE,PENDING,2025-03-19,,2026-03-03 06:55:00+00:00
CUST000151,Customer 151,1971-08-11,customer151@example.com,+447375767056,FR,RETAIL,PENDING,2019-08-22,,2025-12-02 13:53:00+00:00
CUST000152,Customer 152,2000-11-25,customer152@example.com,+447240756713,AE,RETAIL,VERIFIED,2025-10-31,RM0011,2024-04-16 06:34:00+00:00
CUST000153,Customer 153,1957-01-24,customer153@example.com,+447698086909,DE,CORPORATE,VERIFIED,2022-10-24,,2026-04-28 22:56:00+00:00
CUST000154,Customer 154,1957-09-07,customer154@example.com,+447073678414,SG,CORPORATE,VERIFIED,2025-09-05,,2026-01-29 13:41:00+00:00
CUST000155,Customer 155,1993-08-07,customer155@example.com,+447838842599,AE,RETAIL,VERIFIED,2017-03-10,RM0005,2026-04-16 02:47:00+00:00
CUST000156,Customer 156,1956-03-17,customer156@example.com,+447699816232,GB,CORPORATE,VERIFIED,2024-10-29,RM0017,2025-12-03 04:01:00+00:00
CUST000157,Customer 157,1997-10-16,customer157@example.com,+447043226844,SG,RETAIL,VERIFIED,2025-02-23,RM0003,2025-04-15 22:21:00+00:00
CUST000158,Customer 158,1961-04-13,customer158@example.com,+447809851739,US,PRIVATE_BANKING,VERIFIED,2022-02-25,RM0013,2024-02-08 02:04:00+00:00
CUST000159,Customer 159,1961-07-09,customer159@example.com,+447033318206,DE,RETAIL,VERIFIED,2016-07-04,RM0011,2024-02-25 05:50:00+00:00
CUST000160,Customer 160,1992-08-22,customer160@example.com,+447265518424,GB,RETAIL,VERIFIED,2021-09-25,RM0005,2024-09-14 17:04:00+00:00
CUST000161,Customer 161,1999-04-29,customer161@example.com,+447214061901,FR,PRIVATE_BANKING,VERIFIED,2016-01-02,RM0014,2025-08-11 07:58:00+00:00
CUST000162,Customer 162,1964-10-24,customer162@example.com,+447901115118,FR,RETAIL,VERIFIED,2017-07-31,RM0016,2024-09-21 13:24:00+00:00
CUST000163,Customer 163,1973-10-12,customer163@example.com,+447021882877,SG,RETAIL,PENDING,2015-07-05,RM0006,2025-04-06 20:25:00+00:00
CUST000164,Customer 164,1997-05-04,customer164@example.com,+447667154083,US,RETAIL,VERIFIED,2022-09-11,RM0018,2025-03-19 10:01:00+00:00
CUST000165,Customer 165,1987-12-18,customer165@example.com,+447163619298,GB,RETAIL,VERIFIED,2017-06-14,RM0020,2025-02-02 21:07:00+00:00
CUST000166,Customer 166,1969-01-01,customer166@example.com,+447256135680,AE,RETAIL,VERIFIED,2018-09-08,RM0008,2025-07-01 00:41:00+00:00
CUST000167,Customer 167,1998-05-20,customer167@example.com,+447135528741,FR,RETAIL,VERIFIED,2020-06-21,RM0006,2026-01-07 19:04:00+00:00
CUST000168,Customer 168,1968-01-18,customer168@example.com,+447508482316,US,RETAIL,VERIFIED,2018-11-30,RM0010,2026-02-13 23:37:00+00:00
CUST000169,Customer 169,1977-12-19,customer169@example.com,+447718825964,AE,PRIVATE_BANKING,VERIFIED,2018-08-04,,2024-02-16 22:54:00+00:00
CUST000170,Customer 170,1985-10-18,customer170@example.com,+447122824732,GB,RETAIL,VERIFIED,2022-06-04,RM0019,2024-03-15 11:59:00+00:00
CUST000171,Customer 171,1983-07-03,customer171@example.com,+447605557720,DE,RETAIL,VERIFIED,2024-07-24,RM0019,2025-05-29 03:18:00+00:00
CUST000172,Customer 172,1989-04-21,customer172@example.com,+447234037646,US,PRIVATE_BANKING,VERIFIED,2025-05-13,,2026-03-16 21:19:00+00:00
CUST000173,Customer 173,1996-06-07,customer173@example.com,+447499326438,US,CORPORATE,VERIFIED,2020-03-14,RM0020,2025-09-13 02:18:00+00:00
CUST000174,Customer 174,1990-07-04,customer174@example.com,+447751044796,GB,RETAIL,PENDING,2024-02-01,,2026-02-22 14:24:00+00:00
CUST000175,Customer 175,1960-11-09,customer175@example.com,+447275139575,SG,CORPORATE,VERIFIED,2019-02-20,RM0016,2025-02-08 21:01:00+00:00
CUST000176,Customer 176,1972-03-29,customer176@example.com,+447823450567,AE,RETAIL,VERIFIED,2019-03-07,,2025-04-30 05:34:00+00:00
CUST000177,Customer 177,1970-02-27,customer177@example.com,+447396098177,SG,RETAIL,VERIFIED,2024-09-10,RM0008,2024-08-13 04:47:00+00:00
CUST000178,Customer 178,1955-09-30,customer178@example.com,+447180162221,GB,CORPORATE,PENDING,2023-11-15,RM0011,2025-02-04 17:18:00+00:00
CUST000179,Customer 179,1980-05-01,customer179@example.com,+447650572325,DE,RETAIL,VERIFIED,2015-08-28,,2025-10-11 04:19:00+00:00
CUST000180,Customer 180,1951-11-21,customer180@example.com,+447652027025,DE,RETAIL,VERIFIED,2019-06-05,RM0003,2025-11-24 23:41:00+00:00
CUST000181,Customer 181,1999-09-11,customer181@example.com,+447803079055,FR,CORPORATE,VERIFIED,2025-01-30,RM0011,2025-01-17 00:35:00+00:00
CUST000182,Customer 182,1970-08-24,customer182@example.com,+447771330207,FR,RETAIL,VERIFIED,2024-08-19,RM0009,2025-07-22 04:07:00+00:00
CUST000183,Customer 183,1969-10-04,customer183@example.com,+447122978730,DE,RETAIL,VERIFIED,2023-09-21,,2024-02-12 00:36:00+00:00
CUST000184,Customer 184,1950-08-24,customer184@example.com,+447835147672,US,RETAIL,VERIFIED,2015-02-06,RM0012,2025-09-02 12:34:00+00:00
CUST000185,Customer 185,1956-05-15,customer185@example.com,+447879717936,AE,RETAIL,VERIFIED,2019-10-26,,2025-07-14 02:19:00+00:00
CUST000186,Customer 186,1955-04-14,customer186@example.com,+447175842194,US,CORPORATE,VERIFIED,2019-08-13,,2024-08-03 23:47:00+00:00
CUST000187,Customer 187,1970-07-16,customer187@example.com,+447333975497,DE,RETAIL,VERIFIED,2021-03-30,,2026-01-13 11:13:00+00:00
CUST000188,Customer 188,1956-01-18,customer188@example.com,+447116070149,DE,CORPORATE,VERIFIED,2016-05-27,RM0014,2025-02-26 20:54:00+00:00
CUST000189,Customer 189,1952-10-26,customer189@example.com,+447621358005,US,RETAIL,VERIFIED,2017-04-13,RM0014,2025-06-08 04:10:00+00:00
CUST000190,Customer 190,1979-08-24,customer190@example.com,+447027571992,FR,RETAIL,VERIFIED,2019-03-12,RM0013,2024-07-07 07:39:00+00:00
CUST000191,Customer 191,1956-05-10,customer191@example.com,+447997385005,FR,RETAIL,VERIFIED,2023-03-16,RM0013,2026-05-04 08:12:00+00:00
CUST000192,Customer 192,1996-02-16,customer192@example.com,+447334961542,AE,RETAIL,VERIFIED,2022-04-24,,2024-04-27 05:42:00+00:00
CUST000193,Customer 193,1971-05-09,customer193@example.com,+447618257024,US,RETAIL,VERIFIED,2019-06-03,RM0019,2026-03-29 18:54:00+00:00
CUST000194,Customer 194,1974-12-26,customer194@example.com,+447727296111,AE,RETAIL,PENDING,2025-04-06,RM0008,2024-02-25 17:29:00+00:00
CUST000195,Customer 195,1993-07-20,customer195@example.com,+447974985653,FR,CORPORATE,VERIFIED,2017-07-22,,2025-10-22 17:04:00+00:00
CUST000196,Customer 196,1969-03-22,customer196@example.com,+447402982778,US,RETAIL,VERIFIED,2020-11-19,,2024-10-24 21:04:00+00:00
CUST000197,Customer 197,1998-05-18,customer197@example.com,+447425904456,FR,RETAIL,VERIFIED,2025-12-23,RM0010,2024-09-13 03:12:00+00:00
CUST000198,Customer 198,1961-11-14,customer198@example.com,+447767741192,SG,PRIVATE_BANKING,VERIFIED,2022-01-11,,2026-01-13 18:31:00+00:00
CUST000199,Customer 199,1992-05-28,customer199@example.com,+447212954978,SG,RETAIL,VERIFIED,2023-09-19,,2024-12-04 11:08:00+00:00
CUST000200,Customer 200,1971-10-20,customer200@example.com,+447081600593,GB,RETAIL,VERIFIED,2023-10-21,,2025-11-18 20:15:00+00:00
CUST000201,Customer 201,1992-06-07,customer201@example.com,+447635760237,FR,RETAIL,VERIFIED,2017-07-24,RM0013,2024-04-12 09:39:00+00:00
CUST000202,Customer 202,1986-07-09,customer202@example.com,+447741541582,DE,RETAIL,VERIFIED,2022-10-21,,2024-03-12 06:20:00+00:00
CUST000203,Customer 203,1967-01-31,customer203@example.com,+447891819497,AE,RETAIL,VERIFIED,2022-11-23,,2025-05-12 14:21:00+00:00
CUST000204,Customer 204,1958-06-18,customer204@example.com,+447673496394,US,RETAIL,VERIFIED,2025-04-08,RM0003,2025-09-23 21:19:00+00:00
CUST000205,Customer 205,1958-09-12,customer205@example.com,+447260757540,SG,RETAIL,VERIFIED,2018-11-14,RM0020,2025-12-11 18:09:00+00:00
CUST000206,Customer 206,1988-09-02,customer206@example.com,+447109415691,FR,RETAIL,VERIFIED,2021-09-02,RM0001,2025-08-02 18:23:00+00:00
CUST000207,Customer 207,1981-10-14,customer207@example.com,+447748605284,DE,RETAIL,VERIFIED,2016-11-25,RM0006,2026-04-07 10:27:00+00:00
CUST000208,Customer 208,1988-01-01,customer208@example.com,+447829445037,FR,RETAIL,VERIFIED,2018-01-02,RM0014,2024-06-21 00:20:00+00:00
CUST000209,Customer 209,1986-11-18,customer209@example.com,+447323821937,FR,RETAIL,VERIFIED,2022-01-09,,2024-09-09 07:45:00+00:00
CUST000210,Customer 210,1991-11-25,customer210@example.com,+447912995414,SG,PRIVATE_BANKING,VERIFIED,2017-08-23,,2026-01-27 20:27:00+00:00
CUST000211,Customer 211,1954-11-11,customer211@example.com,+447734717549,SG,RETAIL,VERIFIED,2020-05-08,,2024-10-10 11:08:00+00:00
CUST000212,Customer 212,1958-10-30,customer212@example.com,+447644687060,FR,RETAIL,VERIFIED,2021-11-06,,2025-11-26 23:21:00+00:00
CUST000213,Customer 213,1955-06-10,customer213@example.com,+447864929067,AE,RETAIL,VERIFIED,2017-08-16,RM0018,2025-05-06 14:28:00+00:00
CUST000214,Customer 214,1986-02-14,customer214@example.com,+447129981882,FR,PRIVATE_BANKING,VERIFIED,2019-02-08,,2025-01-02 09:31:00+00:00
CUST000215,Customer 215,1980-06-10,customer215@example.com,+447854942461,AE,RETAIL,VERIFIED,2023-05-17,,2025-07-18 03:11:00+00:00
CUST000216,Customer 216,1959-10-21,customer216@example.com,+447607665448,FR,RETAIL,VERIFIED,2018-03-04,,2025-10-23 19:05:00+00:00
CUST000217,Customer 217,1972-04-22,customer217@example.com,+447840348305,US,RETAIL,VERIFIED,2023-09-18,,2024-10-14 04:57:00+00:00
CUST000218,Customer 218,1967-03-11,customer218@example.com,+447044097647,DE,RETAIL,VERIFIED,2024-05-19,RM0016,2025-07-05 06:16:00+00:00
CUST000219,Customer 219,1967-01-24,customer219@example.com,+447372807202,FR,PRIVATE_BANKING,VERIFIED,2018-02-03,,2026-01-21 20:04:00+00:00
CUST000220,Customer 220,1998-02-11,customer220@example.com,+447572030854,SG,RETAIL,VERIFIED,2023-08-10,RM0014,2026-01-14 02:57:00+00:00
CUST000221,Customer 221,1990-04-01,customer221@example.com,+447459967386,GB,RETAIL,VERIFIED,2024-06-27,,2024-01-20 16:40:00+00:00
CUST000222,Customer 222,1962-07-30,customer222@example.com,+447710303128,US,CORPORATE,VERIFIED,2019-03-02,RM0020,2024-02-01 18:37:00+00:00
CUST000223,Customer 223,1987-11-07,customer223@example.com,+447397897455,SG,RETAIL,VERIFIED,2025-11-30,RM0004,2025-02-18 18:13:00+00:00
CUST000224,Customer 224,1966-06-18,customer224@example.com,+447074041730,US,CORPORATE,VERIFIED,2018-11-20,,2024-02-07 17:16:00+00:00
CUST000225,Customer 225,1974-12-28,customer225@example.com,+447543271261,GB,RETAIL,VERIFIED,2018-09-28,,2025-07-10 17:30:00+00:00
CUST000226,Customer 226,1991-07-04,customer226@example.com,+447695294275,FR,CORPORATE,VERIFIED,2025-12-25,,2025-10-31 04:23:00+00:00
CUST000227,Customer 227,1972-05-30,customer227@example.com,+447366394187,AE,CORPORATE,FAILED,2021-06-24,,2025-02-05 07:57:00+00:00
CUST000228,Customer 228,1956-10-06,customer228@example.com,+447013585139,FR,RETAIL,PENDING,2018-02-23,RM0010,2026-03-01 18:46:00+00:00
CUST000229,Customer 229,1989-10-03,customer229@example.com,+447912224883,AE,RETAIL,VERIFIED,2019-03-13,RM0016,2024-10-24 04:29:00+00:00
CUST000230,Customer 230,1999-05-17,customer230@example.com,+447451034639,SG,RETAIL,PENDING,2022-01-21,RM0009,2025-05-28 16:05:00+00:00
CUST000231,Customer 231,1958-10-14,customer231@example.com,+447882971099,US,CORPORATE,VERIFIED,2025-02-11,,2025-02-10 11:32:00+00:00
CUST000232,Customer 232,1954-07-16,customer232@example.com,+447526350075,SG,RETAIL,VERIFIED,2016-03-15,RM0006,2024-01-11 21:15:00+00:00
CUST000233,Customer 233,1998-07-01,customer233@example.com,+447113321496,DE,CORPORATE,VERIFIED,2023-01-20,RM0013,2026-04-05 19:43:00+00:00
CUST000234,Customer 234,1951-04-29,customer234@example.com,+447465492204,SG,RETAIL,VERIFIED,2015-03-20,RM0015,2024-06-18 16:08:00+00:00
CUST000235,Customer 235,1958-05-15,customer235@example.com,+447388896443,SG,RETAIL,FAILED,2025-11-13,,2025-04-01 05:11:00+00:00
CUST000236,Customer 236,1971-03-17,customer236@example.com,+447682454310,DE,RETAIL,VERIFIED,2018-01-23,RM0009,2025-08-02 18:42:00+00:00
CUST000237,Customer 237,1964-12-02,customer237@example.com,+447957321378,GB,CORPORATE,VERIFIED,2019-05-18,,2024-05-29 23:46:00+00:00
CUST000238,Customer 238,1986-06-18,customer238@example.com,+447889817696,AE,RETAIL,FAILED,2023-08-12,,2025-05-10 11:02:00+00:00
CUST000239,Customer 239,1993-07-27,customer239@example.com,+447493641365,GB,CORPORATE,VERIFIED,2026-05-03,,2024-08-12 15:14:00+00:00
CUST000240,Customer 240,1993-03-09,customer240@example.com,+447759466878,AE,RETAIL,PENDING,2026-02-06,RM0004,2024-03-05 08:23:00+00:00
CUST000241,Customer 241,1969-03-06,customer241@example.com,+447164272995,AE,RETAIL,PENDING,2024-03-05,,2024-08-27 01:42:00+00:00
CUST000242,Customer 242,1985-12-24,customer242@example.com,+447467600762,SG,RETAIL,VERIFIED,2026-01-11,RM0018,2024-07-30 16:58:00+00:00
CUST000243,Customer 243,1955-04-06,customer243@example.com,+447189125618,AE,RETAIL,VERIFIED,2024-04-27,RM0019,2026-03-21 11:24:00+00:00
CUST000244,Customer 244,1964-10-08,customer244@example.com,+447787906704,AE,RETAIL,VERIFIED,2024-12-15,,2025-04-25 14:56:00+00:00
CUST000245,Customer 245,1984-01-01,customer245@example.com,+447560221300,SG,PRIVATE_BANKING,VERIFIED,2025-12-17,,2024-02-17 01:41:00+00:00
CUST000246,Customer 246,1950-03-12,customer246@example.com,+447698423334,DE,RETAIL,VERIFIED,2018-10-02,RM0017,2024-11-27 03:45:00+00:00
CUST000247,Customer 247,1985-01-10,customer247@example.com,+447289998761,SG,PRIVATE_BANKING,VERIFIED,2016-11-08,RM0018,2025-06-17 20:53:00+00:00
CUST000248,Customer 248,1973-10-17,customer248@example.com,+447661330848,GB,RETAIL,VERIFIED,2015-09-10,RM0016,2024-10-07 23:16:00+00:00
CUST000249,Customer 249,1990-10-27,customer249@example.com,+447867797300,FR,RETAIL,VERIFIED,2019-12-12,RM0008,2025-08-15 17:36:00+00:00
CUST000250,Customer 250,1975-08-05,customer250@example.com,+447987431941,DE,CORPORATE,VERIFIED,2021-07-20,RM0003,2024-06-27 12:41:00+00:00
CUST000251,Customer 251,1987-12-14,customer251@example.com,+447577858758,SG,RETAIL,VERIFIED,2015-09-25,RM0002,2025-01-22 11:37:00+00:00
CUST000252,Customer 252,1999-11-11,customer252@example.com,+447831764920,SG,RETAIL,VERIFIED,2021-03-01,RM0017,2025-10-31 02:33:00+00:00
CUST000253,Customer 253,1993-08-30,customer253@example.com,+447519151495,FR,CORPORATE,VERIFIED,2020-01-16,RM0020,2024-09-14 12:58:00+00:00
CUST000254,Customer 254,1963-11-21,customer254@example.com,+447499154414,SG,CORPORATE,VERIFIED,2021-06-22,,2024-08-16 16:25:00+00:00
CUST000255,Customer 255,1967-01-14,customer255@example.com,+447467694547,AE,RETAIL,VERIFIED,2018-10-09,RM0015,2024-12-27 11:31:00+00:00
CUST000256,Customer 256,1976-08-14,customer256@example.com,+447886625773,GB,RETAIL,VERIFIED,2025-04-04,,2026-03-22 15:56:00+00:00
CUST000257,Customer 257,1969-07-13,customer257@example.com,+447784933416,US,RETAIL,VERIFIED,2026-02-09,RM0007,2025-09-10 00:32:00+00:00
CUST000258,Customer 258,1955-04-01,customer258@example.com,+447636164778,GB,CORPORATE,VERIFIED,2017-07-16,RM0005,2024-05-22 14:10:00+00:00
CUST000259,Customer 259,1998-08-23,customer259@example.com,+447288187517,AE,CORPORATE,VERIFIED,2017-07-24,,2024-08-23 02:32:00+00:00
CUST000260,Customer 260,1955-06-21,customer260@example.com,+447346071904,FR,CORPORATE,VERIFIED,2021-01-03,,2025-10-20 08:13:00+00:00
CUST000261,Customer 261,1978-02-19,customer261@example.com,+447914520040,AE,RETAIL,VERIFIED,2023-03-25,RM0007,2024-06-02 05:10:00+00:00
CUST000262,Customer 262,1955-02-17,customer262@example.com,+447263598427,US,PRIVATE_BANKING,VERIFIED,2015-12-07,RM0005,2025-01-05 19:45:00+00:00
CUST000263,Customer 263,1954-07-02,customer263@example.com,+447891990632,GB,RETAIL,PENDING,2024-11-24,RM0009,2026-04-16 03:42:00+00:00
CUST000264,Customer 264,1992-10-10,customer264@example.com,+447093053577,SG,RETAIL,VERIFIED,2019-11-26,RM0003,2024-08-23 13:51:00+00:00
CUST000265,Customer 265,1995-02-11,customer265@example.com,+447299496923,AE,PRIVATE_BANKING,VERIFIED,2024-07-14,,2024-12-04 23:07:00+00:00
CUST000266,Customer 266,1997-08-25,customer266@example.com,+447946644279,US,RETAIL,VERIFIED,2017-04-18,RM0018,2025-05-08 21:30:00+00:00
CUST000267,Customer 267,1964-02-15,customer267@example.com,+447484044963,DE,CORPORATE,VERIFIED,2020-07-20,RM0009,2025-05-05 06:37:00+00:00
CUST000268,Customer 268,1955-02-07,customer268@example.com,+447261846370,GB,CORPORATE,VERIFIED,2021-09-04,RM0001,2024-06-14 20:53:00+00:00
CUST000269,Customer 269,1995-07-24,customer269@example.com,+447805817775,AE,RETAIL,PENDING,2015-09-22,RM0020,2025-02-24 00:15:00+00:00
CUST000270,Customer 270,1957-03-10,customer270@example.com,+447498976917,US,RETAIL,VERIFIED,2025-02-01,RM0014,2024-02-14 04:36:00+00:00
CUST000271,Customer 271,1966-09-03,customer271@example.com,+447611871397,DE,CORPORATE,VERIFIED,2020-11-22,,2025-08-29 05:08:00+00:00
CUST000272,Customer 272,1956-02-24,customer272@example.com,+447655338677,GB,RETAIL,VERIFIED,2022-10-26,,2025-10-06 16:02:00+00:00
CUST000273,Customer 273,1956-02-05,customer273@example.com,+447717461907,AE,RETAIL,VERIFIED,2016-12-13,RM0019,2025-08-09 04:03:00+00:00
CUST000274,Customer 274,1971-02-07,customer274@example.com,+447406936666,GB,RETAIL,VERIFIED,2024-11-05,RM0004,2024-06-19 08:59:00+00:00
CUST000275,Customer 275,1986-03-23,customer275@example.com,+447361203124,DE,RETAIL,VERIFIED,2017-08-19,RM0019,2024-07-03 16:25:00+00:00
CUST000276,Customer 276,1960-10-03,customer276@example.com,+447030816384,SG,RETAIL,VERIFIED,2020-04-25,RM0010,2025-09-05 18:40:00+00:00
CUST000277,Customer 277,1972-02-02,customer277@example.com,+447530757561,SG,RETAIL,VERIFIED,2019-09-16,RM0012,2024-01-20 23:46:00+00:00
CUST000278,Customer 278,1953-07-26,customer278@example.com,+447913703651,AE,RETAIL,VERIFIED,2022-11-12,RM0009,2025-11-08 09:05:00+00:00
CUST000279,Customer 279,1957-05-10,customer279@example.com,+447348981305,DE,RETAIL,VERIFIED,2024-08-08,RM0016,2024-08-09 14:38:00+00:00
CUST000280,Customer 280,1987-08-12,customer280@example.com,+447195249057,SG,RETAIL,VERIFIED,2018-09-21,RM0016,2025-04-27 15:10:00+00:00
CUST000281,Customer 281,2000-09-16,customer281@example.com,+447523502759,GB,RETAIL,PENDING,2018-02-14,,2024-08-12 13:38:00+00:00
CUST000282,Customer 282,1996-11-25,customer282@example.com,+447227761953,DE,CORPORATE,VERIFIED,2019-08-20,,2024-05-26 18:52:00+00:00
CUST000283,Customer 283,1978-05-20,customer283@example.com,+447380990401,GB,RETAIL,VERIFIED,2019-08-23,,2026-02-24 05:39:00+00:00
CUST000284,Customer 284,1973-05-24,customer284@example.com,+447856665975,DE,PRIVATE_BANKING,VERIFIED,2016-05-01,RM0013,2025-11-06 16:16:00+00:00
CUST000285,Customer 285,1968-04-29,customer285@example.com,+447277403790,DE,RETAIL,VERIFIED,2022-11-13,,2024-06-20 23:43:00+00:00
CUST000286,Customer 286,1978-03-10,customer286@example.com,+447365436049,AE,PRIVATE_BANKING,VERIFIED,2021-04-21,RM0011,2024-12-16 14:38:00+00:00
CUST000287,Customer 287,1971-06-01,customer287@example.com,+447300281010,GB,PRIVATE_BANKING,VERIFIED,2018-10-11,RM0002,2025-08-27 02:14:00+00:00
CUST000288,Customer 288,1973-10-30,customer288@example.com,+447945236377,DE,RETAIL,VERIFIED,2022-04-05,RM0009,2025-01-22 12:08:00+00:00
CUST000289,Customer 289,1985-07-05,customer289@example.com,+447640116562,DE,RETAIL,VERIFIED,2021-07-25,RM0001,2024-04-21 00:12:00+00:00
CUST000290,Customer 290,1961-09-28,customer290@example.com,+447752890318,AE,RETAIL,VERIFIED,2021-06-28,RM0010,2025-06-19 16:43:00+00:00
CUST000291,Customer 291,1976-11-30,customer291@example.com,+447945008067,AE,CORPORATE,VERIFIED,2020-12-30,RM0016,2025-03-05 04:38:00+00:00
CUST000292,Customer 292,1991-01-08,customer292@example.com,+447296641124,GB,RETAIL,VERIFIED,2017-02-19,RM0004,2024-04-08 05:30:00+00:00
CUST000293,Customer 293,1978-05-14,customer293@example.com,+447596776072,SG,PRIVATE_BANKING,VERIFIED,2018-01-15,RM0008,2025-09-21 19:02:00+00:00
CUST000294,Customer 294,1956-07-05,customer294@example.com,+447010899674,FR,RETAIL,VERIFIED,2024-03-25,,2026-03-13 17:32:00+00:00
CUST000295,Customer 295,1950-11-02,customer295@example.com,+447554724287,AE,RETAIL,VERIFIED,2016-04-30,RM0015,2026-02-09 03:05:00+00:00
CUST000296,Customer 296,1991-02-12,customer296@example.com,+447205145276,DE,CORPORATE,VERIFIED,2021-03-21,RM0011,2025-05-08 21:08:00+00:00
CUST000297,Customer 297,2000-07-05,customer297@example.com,+447091926217,DE,RETAIL,PENDING,2017-11-05,,2025-09-09 17:52:00+00:00
CUST000298,Customer 298,1958-12-21,customer298@example.com,+447259154084,US,RETAIL,PENDING,2017-12-23,RM0003,2024-01-02 21:41:00+00:00
CUST000299,Customer 299,1956-07-28,customer299@example.com,+447773174285,GB,CORPORATE,PENDING,2020-08-07,,2025-03-17 16:26:00+00:00
CUST000300,Customer 300,1998-03-27,customer300@example.com,+447436398872,AE,RETAIL,VERIFIED,2018-04-13,,2025-01-14 01:44:00+00:00
CUST000301,Customer 301,1969-02-14,customer301@example.com,+447524606470,DE,RETAIL,VERIFIED,2022-03-23,RM0016,2025-06-26 13:14:00+00:00
CUST000302,Customer 302,1995-05-21,customer302@example.com,+447596115913,FR,RETAIL,VERIFIED,2020-07-20,RM0012,2026-04-01 15:50:00+00:00
CUST000303,Customer 303,1973-10-17,customer303@example.com,+447814073098,FR,RETAIL,FAILED,2023-10-23,RM0017,2026-02-26 12:22:00+00:00
CUST000304,Customer 304,1961-11-19,customer304@example.com,+447258045858,FR,RETAIL,PENDING,2025-12-23,RM0003,2025-08-26 23:58:00+00:00
CUST000305,Customer 305,1981-04-24,customer305@example.com,+447741536135,GB,PRIVATE_BANKING,VERIFIED,2018-03-10,RM0017,2026-02-18 22:36:00+00:00
CUST000306,Customer 306,1956-03-04,customer306@example.com,+447511201082,SG,RETAIL,VERIFIED,2021-01-10,RM0017,2024-04-10 13:08:00+00:00
CUST000307,Customer 307,1971-12-01,customer307@example.com,+447693532952,US,CORPORATE,VERIFIED,2024-04-16,RM0001,2024-09-17 15:49:00+00:00
CUST000308,Customer 308,1983-02-25,customer308@example.com,+447764334960,GB,RETAIL,VERIFIED,2023-06-01,,2024-08-26 02:18:00+00:00
CUST000309,Customer 309,1975-07-27,customer309@example.com,+447527015393,FR,RETAIL,VERIFIED,2025-02-19,RM0007,2025-09-04 17:26:00+00:00
CUST000310,Customer 310,1964-02-26,customer310@example.com,+447481223755,GB,RETAIL,VERIFIED,2016-09-10,RM0008,2024-09-20 06:00:00+00:00
CUST000311,Customer 311,1989-04-24,customer311@example.com,+447851405188,SG,RETAIL,VERIFIED,2017-02-01,,2025-12-27 23:50:00+00:00
CUST000312,Customer 312,1998-09-26,customer312@example.com,+447018514813,US,RETAIL,VERIFIED,2024-01-14,,2024-01-08 18:33:00+00:00
CUST000313,Customer 313,1977-02-20,customer313@example.com,+447099915275,US,RETAIL,VERIFIED,2021-03-29,RM0007,2024-04-30 16:00:00+00:00
CUST000314,Customer 314,1997-06-15,customer314@example.com,+447315933049,AE,CORPORATE,VERIFIED,2023-04-12,,2025-01-19 20:13:00+00:00
CUST000315,Customer 315,1950-09-14,customer315@example.com,+447237937327,US,RETAIL,VERIFIED,2025-03-13,RM0017,2025-12-05 10:26:00+00:00
CUST000316,Customer 316,1999-10-04,customer316@example.com,+447434222401,GB,RETAIL,VERIFIED,2025-12-12,RM0004,2025-01-05 03:09:00+00:00
CUST000317,Customer 317,1976-11-10,customer317@example.com,+447742800803,AE,RETAIL,PENDING,2022-05-05,RM0008,2025-03-12 20:37:00+00:00
CUST000318,Customer 318,1959-04-18,customer318@example.com,+447261246928,GB,RETAIL,VERIFIED,2015-01-21,RM0020,2024-09-16 08:54:00+00:00
CUST000319,Customer 319,1962-01-18,customer319@example.com,+447328786222,AE,RETAIL,PENDING,2017-02-02,RM0016,2025-07-02 13:36:00+00:00
CUST000320,Customer 320,1973-09-23,customer320@example.com,+447712921644,GB,RETAIL,VERIFIED,2025-04-13,RM0012,2025-01-09 19:17:00+00:00
CUST000321,Customer 321,1960-05-10,customer321@example.com,+447624440558,GB,PRIVATE_BANKING,VERIFIED,2023-01-13,RM0009,2025-11-27 12:48:00+00:00
CUST000322,Customer 322,1959-08-09,customer322@example.com,+447396232693,US,RETAIL,VERIFIED,2016-06-02,RM0003,2024-07-27 13:35:00+00:00
CUST000323,Customer 323,1999-08-20,customer323@example.com,+447508159580,US,PRIVATE_BANKING,VERIFIED,2023-12-03,,2026-03-13 17:30:00+00:00
CUST000324,Customer 324,1963-12-12,customer324@example.com,+447594287057,FR,RETAIL,VERIFIED,2019-11-20,RM0006,2024-07-02 11:35:00+00:00
CUST000325,Customer 325,1974-06-08,customer325@example.com,+447570073085,GB,RETAIL,PENDING,2024-08-20,RM0007,2025-07-22 15:16:00+00:00
CUST000326,Customer 326,1975-04-12,customer326@example.com,+447369106688,GB,CORPORATE,VERIFIED,2019-10-02,RM0008,2024-11-10 18:22:00+00:00
CUST000327,Customer 327,1968-11-23,customer327@example.com,+447456881239,SG,RETAIL,VERIFIED,2026-02-04,RM0009,2026-03-03 22:25:00+00:00
CUST000328,Customer 328,1980-10-05,customer328@example.com,+447800942073,US,CORPORATE,VERIFIED,2021-01-08,RM0017,2026-01-23 04:54:00+00:00
CUST000329,Customer 329,1968-04-07,customer329@example.com,+447590975123,US,RETAIL,VERIFIED,2022-03-29,,2025-11-06 03:47:00+00:00
CUST000330,Customer 330,1973-09-07,customer330@example.com,+447355184454,US,RETAIL,VERIFIED,2021-05-12,RM0001,2024-08-23 14:50:00+00:00
CUST000331,Customer 331,1995-05-06,customer331@example.com,+447377753674,GB,RETAIL,VERIFIED,2022-07-29,RM0005,2025-12-17 05:06:00+00:00
CUST000332,Customer 332,1993-10-30,customer332@example.com,+447754684750,SG,CORPORATE,VERIFIED,2017-12-05,RM0020,2024-08-07 16:25:00+00:00
CUST000333,Customer 333,1972-07-12,customer333@example.com,+447487205269,FR,RETAIL,PENDING,2025-11-19,RM0008,2026-03-15 10:51:00+00:00
CUST000334,Customer 334,1954-07-23,customer334@example.com,+447290894296,SG,RETAIL,VERIFIED,2022-09-16,,2025-07-17 19:44:00+00:00
CUST000335,Customer 335,1958-04-13,customer335@example.com,+447329233929,DE,RETAIL,VERIFIED,2016-02-01,RM0010,2025-12-01 22:03:00+00:00
CUST000336,Customer 336,1988-01-01,customer336@example.com,+447269942642,SG,RETAIL,VERIFIED,2016-01-12,RM0009,2024-06-13 12:40:00+00:00
CUST000337,Customer 337,1974-10-28,customer337@example.com,+447247538338,FR,CORPORATE,VERIFIED,2017-03-26,RM0013,2024-01-06 02:52:00+00:00
CUST000338,Customer 338,1953-12-15,customer338@example.com,+447129553265,GB,CORPORATE,VERIFIED,2025-04-22,RM0015,2024-05-28 15:59:00+00:00
CUST000339,Customer 339,1950-04-27,customer339@example.com,+447774473159,FR,CORPORATE,PENDING,2015-05-14,,2025-09-06 13:05:00+00:00
CUST000340,Customer 340,1979-12-04,customer340@example.com,+447206785808,AE,PRIVATE_BANKING,VERIFIED,2017-10-14,RM0017,2024-03-06 08:14:00+00:00
CUST000341,Customer 341,1961-09-26,customer341@example.com,+447338817025,GB,RETAIL,PENDING,2018-07-18,RM0013,2025-01-14 02:38:00+00:00
CUST000342,Customer 342,1973-07-02,customer342@example.com,+447128370927,SG,CORPORATE,VERIFIED,2024-11-24,RM0001,2024-02-08 23:24:00+00:00
CUST000343,Customer 343,1964-06-30,customer343@example.com,+447797662466,AE,RETAIL,PENDING,2025-03-28,RM0012,2025-02-14 19:41:00+00:00
CUST000344,Customer 344,1989-08-22,customer344@example.com,+447575379544,FR,RETAIL,PENDING,2015-01-06,RM0020,2025-06-17 09:45:00+00:00
CUST000345,Customer 345,1999-06-30,customer345@example.com,+447818394863,DE,RETAIL,VERIFIED,2024-08-05,RM0010,2025-09-03 01:49:00+00:00
CUST000346,Customer 346,1988-05-15,customer346@example.com,+447741057474,AE,RETAIL,FAILED,2019-07-16,RM0016,2026-04-19 05:40:00+00:00
CUST000347,Customer 347,2000-04-27,customer347@example.com,+447198803134,GB,CORPORATE,VERIFIED,2017-12-16,,2025-05-21 14:00:00+00:00
CUST000348,Customer 348,1950-11-13,customer348@example.com,+447205665554,DE,RETAIL,VERIFIED,2021-10-08,RM0011,2024-07-25 21:59:00+00:00
CUST000349,Customer 349,1960-01-14,customer349@example.com,+447232341238,DE,RETAIL,VERIFIED,2018-07-26,RM0009,2026-04-03 16:18:00+00:00
CUST000350,Customer 350,1956-10-01,customer350@example.com,+447793070706,SG,RETAIL,VERIFIED,2021-02-22,RM0010,2024-07-18 01:50:00+00:00
CUST000351,Customer 351,1963-05-17,customer351@example.com,+447519904272,DE,CORPORATE,PENDING,2017-02-03,,2025-09-05 16:33:00+00:00
CUST000352,Customer 352,1998-12-12,customer352@example.com,+447296889215,AE,RETAIL,VERIFIED,2023-01-31,RM0008,2025-12-16 07:39:00+00:00
CUST000353,Customer 353,1953-03-26,customer353@example.com,+447778017216,GB,RETAIL,VERIFIED,2020-08-13,RM0020,2024-06-22 21:02:00+00:00
CUST000354,Customer 354,1983-02-15,customer354@example.com,+447633064117,GB,RETAIL,VERIFIED,2016-11-06,RM0011,2025-01-03 07:41:00+00:00
CUST000355,Customer 355,1999-07-28,customer355@example.com,+447816267011,FR,RETAIL,VERIFIED,2023-05-05,RM0001,2024-01-01 05:05:00+00:00
CUST000356,Customer 356,1963-04-15,customer356@example.com,+447563324548,GB,PRIVATE_BANKING,VERIFIED,2018-09-17,RM0010,2024-10-09 12:22:00+00:00
CUST000357,Customer 357,1988-07-23,customer357@example.com,+447640799178,US,CORPORATE,VERIFIED,2016-02-29,,2025-11-16 12:25:00+00:00
CUST000358,Customer 358,1961-06-08,customer358@example.com,+447303867539,FR,RETAIL,VERIFIED,2023-11-21,RM0013,2025-08-23 06:33:00+00:00
CUST000359,Customer 359,1953-10-02,customer359@example.com,+447107939087,FR,CORPORATE,VERIFIED,2021-11-07,RM0019,2024-01-16 23:45:00+00:00
CUST000360,Customer 360,1977-08-28,customer360@example.com,+447894027897,US,CORPORATE,VERIFIED,2020-04-02,RM0019,2024-03-11 02:35:00+00:00
CUST000361,Customer 361,1982-09-18,customer361@example.com,+447208432166,AE,RETAIL,FAILED,2024-08-17,RM0011,2024-10-18 23:53:00+00:00
CUST000362,Customer 362,1953-07-31,customer362@example.com,+447318092217,FR,PRIVATE_BANKING,VERIFIED,2017-01-17,RM0008,2025-07-26 18:22:00+00:00
CUST000363,Customer 363,1982-02-06,customer363@example.com,+447244258191,DE,RETAIL,VERIFIED,2017-02-18,RM0016,2024-12-21 08:14:00+00:00
CUST000364,Customer 364,1968-11-05,customer364@example.com,+447387493096,FR,RETAIL,PENDING,2015-01-09,RM0012,2025-09-12 06:29:00+00:00
CUST000365,Customer 365,1972-05-21,customer365@example.com,+447192673892,GB,RETAIL,VERIFIED,2019-10-15,RM0006,2025-02-17 18:00:00+00:00
CUST000366,Customer 366,1959-03-23,customer366@example.com,+447324557359,SG,RETAIL,VERIFIED,2025-09-11,RM0018,2024-09-24 05:26:00+00:00
CUST000367,Customer 367,1981-09-24,customer367@example.com,+447015191689,AE,CORPORATE,VERIFIED,2016-09-30,,2025-06-02 03:35:00+00:00
CUST000368,Customer 368,2000-03-25,customer368@example.com,+447760229059,FR,CORPORATE,VERIFIED,2017-12-23,,2024-03-15 16:18:00+00:00
CUST000369,Customer 369,1986-06-17,customer369@example.com,+447573523188,SG,RETAIL,VERIFIED,2020-01-27,,2024-12-14 03:51:00+00:00
CUST000370,Customer 370,1963-11-13,customer370@example.com,+447135917419,SG,RETAIL,VERIFIED,2024-12-24,,2025-06-09 08:56:00+00:00
CUST000371,Customer 371,1971-03-29,customer371@example.com,+447294539550,US,PRIVATE_BANKING,PENDING,2015-03-18,RM0006,2025-07-04 18:16:00+00:00
CUST000372,Customer 372,1964-07-30,customer372@example.com,+447048872110,DE,RETAIL,VERIFIED,2015-03-08,RM0011,2025-12-11 14:24:00+00:00
CUST000373,Customer 373,1965-11-19,customer373@example.com,+447058546865,US,PRIVATE_BANKING,VERIFIED,2022-09-15,RM0008,2025-07-30 15:49:00+00:00
CUST000374,Customer 374,1986-12-28,customer374@example.com,+447594164665,DE,RETAIL,VERIFIED,2017-09-14,RM0010,2024-09-06 10:49:00+00:00
CUST000375,Customer 375,1952-03-23,customer375@example.com,+447313679331,DE,RETAIL,VERIFIED,2024-06-21,RM0011,2025-04-14 21:29:00+00:00
CUST000376,Customer 376,1966-02-03,customer376@example.com,+447748846217,DE,RETAIL,VERIFIED,2017-12-18,RM0019,2025-08-23 00:30:00+00:00
CUST000377,Customer 377,1979-10-21,customer377@example.com,+447135591568,GB,RETAIL,VERIFIED,2025-09-18,,2024-04-29 08:04:00+00:00
CUST000378,Customer 378,1986-12-09,customer378@example.com,+447684907325,DE,RETAIL,VERIFIED,2016-08-03,RM0016,2025-01-26 20:50:00+00:00
CUST000379,Customer 379,1972-04-06,customer379@example.com,+447932503106,FR,CORPORATE,VERIFIED,2020-02-19,,2024-08-13 21:44:00+00:00
CUST000380,Customer 380,1973-12-08,customer380@example.com,+447808304440,DE,RETAIL,VERIFIED,2023-08-05,RM0019,2024-08-23 10:26:00+00:00
CUST000381,Customer 381,1964-04-13,customer381@example.com,+447527076988,GB,PRIVATE_BANKING,VERIFIED,2017-01-01,RM0003,2024-12-27 16:34:00+00:00
CUST000382,Customer 382,1959-09-13,customer382@example.com,+447110152642,AE,CORPORATE,VERIFIED,2017-04-19,RM0007,2024-01-10 22:53:00+00:00
CUST000383,Customer 383,1984-04-27,customer383@example.com,+447937075684,GB,CORPORATE,PENDING,2017-04-25,RM0013,2024-09-26 07:18:00+00:00
CUST000384,Customer 384,1953-06-22,customer384@example.com,+447013169872,SG,RETAIL,VERIFIED,2022-01-10,RM0014,2024-04-05 12:43:00+00:00
CUST000385,Customer 385,1992-03-24,customer385@example.com,+447616396766,GB,RETAIL,VERIFIED,2023-03-31,,2026-02-05 10:04:00+00:00
CUST000386,Customer 386,1969-12-15,customer386@example.com,+447305307028,GB,RETAIL,VERIFIED,2021-09-17,RM0005,2025-07-21 05:30:00+00:00
CUST000387,Customer 387,1967-11-27,customer387@example.com,+447504011128,SG,RETAIL,VERIFIED,2018-01-28,RM0011,2024-11-17 11:13:00+00:00
CUST000388,Customer 388,1991-04-19,customer388@example.com,+447514015466,SG,RETAIL,VERIFIED,2023-08-02,RM0019,2025-08-10 08:11:00+00:00
CUST000389,Customer 389,1981-05-15,customer389@example.com,+447472949775,FR,RETAIL,VERIFIED,2017-12-26,RM0015,2026-02-03 21:59:00+00:00
CUST000390,Customer 390,1977-05-19,customer390@example.com,+447365830215,FR,RETAIL,VERIFIED,2018-03-16,,2024-07-13 15:47:00+00:00
CUST000391,Customer 391,1970-06-02,customer391@example.com,+447197958983,FR,RETAIL,PENDING,2016-07-14,RM0006,2024-07-23 07:47:00+00:00
CUST000392,Customer 392,1969-12-31,customer392@example.com,+447055165334,US,PRIVATE_BANKING,VERIFIED,2015-03-11,RM0016,2024-09-04 08:13:00+00:00
CUST000393,Customer 393,1952-02-15,customer393@example.com,+447271096600,GB,RETAIL,VERIFIED,2018-09-06,RM0006,2024-08-22 06:53:00+00:00
CUST000394,Customer 394,1967-04-30,customer394@example.com,+447925267987,DE,RETAIL,VERIFIED,2024-11-14,RM0002,2024-09-12 19:22:00+00:00
CUST000395,Customer 395,1985-09-30,customer395@example.com,+447512957813,FR,CORPORATE,VERIFIED,2022-11-16,,2024-06-08 03:07:00+00:00
CUST000396,Customer 396,1979-06-14,customer396@example.com,+447122500131,SG,RETAIL,VERIFIED,2019-10-12,,2024-03-21 21:42:00+00:00
CUST000397,Customer 397,1974-12-30,customer397@example.com,+447882739959,AE,CORPORATE,PENDING,2018-05-25,RM0006,2025-05-19 19:00:00+00:00
CUST000398,Customer 398,1956-03-24,customer398@example.com,+447070161976,SG,RETAIL,VERIFIED,2024-03-26,RM0006,2026-02-21 17:02:00+00:00
CUST000399,Customer 399,1975-01-16,customer399@example.com,+447430256336,AE,CORPORATE,VERIFIED,2024-12-03,RM0003,2025-05-08 11:39:00+00:00
CUST000400,Customer 400,1981-07-03,customer400@example.com,+447528008852,FR,RETAIL,VERIFIED,2019-11-15,,2024-11-18 15:57:00+00:00
CUST000401,Customer 401,1995-09-14,customer401@example.com,+447079545125,DE,RETAIL,VERIFIED,2016-12-11,RM0014,2025-08-11 08:31:00+00:00
CUST000402,Customer 402,1985-11-09,customer402@example.com,+447619571745,FR,RETAIL,VERIFIED,2017-04-03,RM0016,2024-07-06 16:17:00+00:00
CUST000403,Customer 403,1998-02-08,customer403@example.com,+447675862179,US,RETAIL,VERIFIED,2018-02-20,RM0002,2025-02-11 07:48:00+00:00
CUST000404,Customer 404,1979-09-17,customer404@example.com,+447737071174,FR,RETAIL,VERIFIED,2017-10-05,RM0012,2025-08-13 04:03:00+00:00
CUST000405,Customer 405,1952-06-23,customer405@example.com,+447057562304,US,CORPORATE,VERIFIED,2023-08-12,RM0011,2025-06-22 13:30:00+00:00
CUST000406,Customer 406,1960-05-07,customer406@example.com,+447162915636,GB,RETAIL,VERIFIED,2022-11-19,RM0017,2025-07-07 01:32:00+00:00
CUST000407,Customer 407,1973-06-08,customer407@example.com,+447160199682,AE,RETAIL,VERIFIED,2024-08-18,,2024-12-21 12:55:00+00:00
CUST000408,Customer 408,1966-01-08,customer408@example.com,+447870957171,DE,RETAIL,VERIFIED,2022-01-20,RM0008,2025-12-03 05:29:00+00:00
CUST000409,Customer 409,1973-10-25,customer409@example.com,+447604344408,SG,RETAIL,VERIFIED,2018-02-19,,2024-05-03 22:33:00+00:00
CUST000410,Customer 410,1953-06-07,customer410@example.com,+447326240903,FR,RETAIL,VERIFIED,2020-07-22,RM0010,2025-04-16 10:44:00+00:00
CUST000411,Customer 411,1959-09-23,customer411@example.com,+447091462297,SG,PRIVATE_BANKING,VERIFIED,2021-03-18,,2024-01-09 00:43:00+00:00
CUST000412,Customer 412,1988-12-26,customer412@example.com,+447266493008,AE,RETAIL,VERIFIED,2016-11-21,RM0019,2024-08-03 12:37:00+00:00
CUST000413,Customer 413,1981-01-05,customer413@example.com,+447127186396,AE,CORPORATE,VERIFIED,2020-07-25,RM0003,2024-04-13 10:23:00+00:00
CUST000414,Customer 414,1978-02-21,customer414@example.com,+447599226355,SG,RETAIL,VERIFIED,2021-05-23,RM0010,2025-09-19 08:11:00+00:00
CUST000415,Customer 415,1989-02-24,customer415@example.com,+447820814900,FR,RETAIL,VERIFIED,2015-08-08,RM0015,2025-07-15 08:15:00+00:00
CUST000416,Customer 416,1995-11-19,customer416@example.com,+447446863451,FR,RETAIL,VERIFIED,2021-10-07,RM0020,2024-10-02 15:39:00+00:00
CUST000417,Customer 417,1960-05-17,customer417@example.com,+447651028618,GB,RETAIL,FAILED,2019-08-11,RM0014,2024-12-17 11:11:00+00:00
CUST000418,Customer 418,1984-07-23,customer418@example.com,+447640086326,AE,RETAIL,VERIFIED,2019-03-26,RM0005,2025-05-25 13:13:00+00:00
CUST000419,Customer 419,1967-01-20,customer419@example.com,+447849051496,SG,RETAIL,VERIFIED,2023-10-15,RM0016,2025-03-05 22:48:00+00:00
CUST000420,Customer 420,1972-11-07,customer420@example.com,+447664021648,US,RETAIL,VERIFIED,2021-08-18,RM0007,2025-01-16 11:54:00+00:00
CUST000421,Customer 421,1953-12-25,customer421@example.com,+447242329714,US,RETAIL,VERIFIED,2016-03-23,,2025-02-14 08:28:00+00:00
CUST000422,Customer 422,1989-02-13,customer422@example.com,+447832894596,SG,RETAIL,PENDING,2020-05-14,RM0013,2024-07-03 18:08:00+00:00
CUST000423,Customer 423,1950-02-25,customer423@example.com,+447561107986,US,CORPORATE,VERIFIED,2026-02-06,,2025-08-12 21:14:00+00:00
CUST000424,Customer 424,1996-08-23,customer424@example.com,+447408427798,DE,CORPORATE,VERIFIED,2023-08-28,,2026-04-13 03:46:00+00:00
CUST000425,Customer 425,1998-04-22,customer425@example.com,+447483736219,GB,CORPORATE,VERIFIED,2017-07-12,RM0007,2024-10-03 07:35:00+00:00
CUST000426,Customer 426,1967-09-05,customer426@example.com,+447975499151,AE,PRIVATE_BANKING,VERIFIED,2020-05-28,RM0019,2025-03-18 12:12:00+00:00
CUST000427,Customer 427,1982-09-04,customer427@example.com,+447475368059,FR,RETAIL,VERIFIED,2026-03-16,RM0004,2024-05-29 23:09:00+00:00
CUST000428,Customer 428,1988-09-10,customer428@example.com,+447319280490,DE,RETAIL,VERIFIED,2016-08-04,RM0002,2025-04-29 00:11:00+00:00
CUST000429,Customer 429,1956-04-11,customer429@example.com,+447923596926,GB,RETAIL,VERIFIED,2015-04-09,RM0009,2025-03-07 15:08:00+00:00
CUST000430,Customer 430,1979-08-16,customer430@example.com,+447631924051,FR,RETAIL,VERIFIED,2023-02-06,RM0020,2025-10-07 16:34:00+00:00
CUST000431,Customer 431,1978-03-01,customer431@example.com,+447460452529,GB,RETAIL,VERIFIED,2022-02-05,,2026-01-07 10:50:00+00:00
CUST000432,Customer 432,1961-03-07,customer432@example.com,+447327899537,SG,RETAIL,VERIFIED,2017-12-17,RM0004,2025-05-13 09:16:00+00:00
CUST000433,Customer 433,1976-12-10,customer433@example.com,+447610561240,US,RETAIL,VERIFIED,2023-09-04,RM0001,2025-07-29 18:03:00+00:00
CUST000434,Customer 434,1995-07-01,customer434@example.com,+447666823010,DE,RETAIL,FAILED,2024-06-09,,2025-02-11 03:44:00+00:00
CUST000435,Customer 435,1977-09-30,customer435@example.com,+447064671796,DE,RETAIL,VERIFIED,2023-03-13,,2024-06-16 01:13:00+00:00
CUST000436,Customer 436,1986-08-22,customer436@example.com,+447654586204,DE,RETAIL,VERIFIED,2018-11-16,RM0004,2026-04-13 08:30:00+00:00
CUST000437,Customer 437,1979-04-07,customer437@example.com,+447794664845,SG,RETAIL,VERIFIED,2025-07-25,RM0016,2025-10-06 03:28:00+00:00
CUST000438,Customer 438,1986-02-06,customer438@example.com,+447106551233,SG,RETAIL,VERIFIED,2016-08-20,RM0007,2026-02-01 10:16:00+00:00
CUST000439,Customer 439,1976-07-11,customer439@example.com,+447818982730,FR,CORPORATE,PENDING,2015-05-17,RM0001,2025-01-04 11:35:00+00:00
CUST000440,Customer 440,1999-09-27,customer440@example.com,+447223110563,GB,RETAIL,VERIFIED,2016-07-07,RM0004,2025-07-24 08:22:00+00:00
CUST000441,Customer 441,1961-06-02,customer441@example.com,+447671641650,GB,RETAIL,VERIFIED,2015-04-23,RM0009,2024-01-21 13:07:00+00:00
CUST000442,Customer 442,1967-03-19,customer442@example.com,+447226586581,GB,RETAIL,VERIFIED,2020-11-17,RM0005,2024-12-25 21:38:00+00:00
CUST000443,Customer 443,1987-09-21,customer443@example.com,+447284161612,FR,RETAIL,VERIFIED,2019-11-03,RM0004,2024-07-22 18:36:00+00:00
CUST000444,Customer 444,1984-01-06,customer444@example.com,+447709129316,SG,CORPORATE,VERIFIED,2015-11-23,RM0020,2025-10-27 20:34:00+00:00
CUST000445,Customer 445,1965-08-12,customer445@example.com,+447087174381,US,RETAIL,VERIFIED,2016-05-10,,2024-06-27 09:22:00+00:00
CUST000446,Customer 446,1976-12-31,customer446@example.com,+447168638768,FR,RETAIL,VERIFIED,2023-12-05,,2024-11-28 21:32:00+00:00
CUST000447,Customer 447,1986-06-07,customer447@example.com,+447257553274,DE,RETAIL,VERIFIED,2021-06-04,,2025-05-14 23:28:00+00:00
CUST000448,Customer 448,1999-02-27,customer448@example.com,+447186630878,DE,RETAIL,VERIFIED,2026-03-28,,2024-03-21 12:39:00+00:00
CUST000449,Customer 449,1950-01-14,customer449@example.com,+447592697161,US,RETAIL,VERIFIED,2024-04-26,,2024-10-20 14:40:00+00:00
CUST000450,Customer 450,1977-04-06,customer450@example.com,+447080600295,SG,PRIVATE_BANKING,VERIFIED,2024-07-01,,2024-05-28 05:40:00+00:00
CUST000451,Customer 451,1975-09-28,customer451@example.com,+447168075622,GB,RETAIL,PENDING,2024-01-09,RM0007,2026-04-07 10:26:00+00:00
CUST000452,Customer 452,1968-11-09,customer452@example.com,+447002873038,DE,PRIVATE_BANKING,VERIFIED,2016-11-06,RM0014,2025-10-08 19:36:00+00:00
CUST000453,Customer 453,1988-07-26,customer453@example.com,+447438642403,US,RETAIL,VERIFIED,2018-06-04,,2025-02-18 02:05:00+00:00
CUST000454,Customer 454,1978-11-29,customer454@example.com,+447483724666,SG,RETAIL,VERIFIED,2021-03-23,,2024-06-14 10:14:00+00:00
CUST000455,Customer 455,1991-09-19,customer455@example.com,+447740206617,DE,RETAIL,VERIFIED,2016-11-15,RM0007,2024-11-17 10:41:00+00:00
CUST000456,Customer 456,1989-08-20,customer456@example.com,+447637599912,SG,RETAIL,PENDING,2021-12-13,RM0016,2024-10-25 22:17:00+00:00
CUST000457,Customer 457,1989-09-01,customer457@example.com,+447504564682,GB,CORPORATE,PENDING,2016-10-09,RM0001,2025-09-11 20:25:00+00:00
CUST000458,Customer 458,1969-03-04,customer458@example.com,+447312737284,DE,RETAIL,VERIFIED,2019-07-23,,2024-10-04 14:49:00+00:00
CUST000459,Customer 459,1995-11-11,customer459@example.com,+447035046782,FR,RETAIL,VERIFIED,2018-06-26,,2025-01-06 23:37:00+00:00
CUST000460,Customer 460,1992-06-14,customer460@example.com,+447248545713,GB,RETAIL,VERIFIED,2022-04-30,,2025-06-17 14:26:00+00:00
CUST000461,Customer 461,1965-03-23,customer461@example.com,+447309350265,US,CORPORATE,PENDING,2023-10-06,RM0016,2024-06-20 05:54:00+00:00
CUST000462,Customer 462,1957-08-10,customer462@example.com,+447759088046,US,RETAIL,PENDING,2016-06-25,,2024-01-24 04:46:00+00:00
CUST000463,Customer 463,1975-06-18,customer463@example.com,+447303566540,GB,CORPORATE,VERIFIED,2021-12-15,,2024-08-28 21:16:00+00:00
CUST000464,Customer 464,1996-03-30,customer464@example.com,+447754827139,US,CORPORATE,VERIFIED,2024-10-23,RM0004,2026-01-31 22:47:00+00:00
CUST000465,Customer 465,1980-01-27,customer465@example.com,+447922995699,US,CORPORATE,PENDING,2020-05-08,RM0008,2024-03-22 06:10:00+00:00
CUST000466,Customer 466,1958-05-19,customer466@example.com,+447487512424,GB,RETAIL,VERIFIED,2016-04-19,RM0010,2025-02-10 03:06:00+00:00
CUST000467,Customer 467,1971-01-27,customer467@example.com,+447076428684,SG,RETAIL,PENDING,2020-06-25,,2024-03-06 15:35:00+00:00
CUST000468,Customer 468,1977-11-06,customer468@example.com,+447738073939,US,RETAIL,VERIFIED,2016-12-07,,2024-02-25 00:49:00+00:00
CUST000469,Customer 469,1970-02-26,customer469@example.com,+447250636897,DE,RETAIL,VERIFIED,2024-09-29,RM0002,2025-02-10 16:48:00+00:00
CUST000470,Customer 470,1967-11-13,customer470@example.com,+447992041933,SG,RETAIL,VERIFIED,2017-08-08,RM0012,2024-03-26 03:16:00+00:00
CUST000471,Customer 471,1963-03-22,customer471@example.com,+447284063364,FR,RETAIL,VERIFIED,2025-03-03,RM0011,2025-09-24 04:05:00+00:00
CUST000472,Customer 472,1952-03-11,customer472@example.com,+447845923902,AE,RETAIL,VERIFIED,2016-03-26,RM0004,2025-11-01 12:19:00+00:00
CUST000473,Customer 473,1954-02-23,customer473@example.com,+447849595796,SG,CORPORATE,VERIFIED,2021-12-08,,2024-08-22 07:47:00+00:00
CUST000474,Customer 474,1971-12-20,customer474@example.com,+447671150922,GB,RETAIL,VERIFIED,2018-12-09,RM0002,2024-10-17 14:40:00+00:00
CUST000475,Customer 475,1992-08-17,customer475@example.com,+447633281747,AE,PRIVATE_BANKING,VERIFIED,2017-09-05,,2024-05-09 04:33:00+00:00
CUST000476,Customer 476,1956-07-14,customer476@example.com,+447709939880,GB,RETAIL,VERIFIED,2015-04-14,,2024-06-23 00:02:00+00:00
CUST000477,Customer 477,1990-11-10,customer477@example.com,+447863187150,GB,RETAIL,PENDING,2018-01-29,RM0011,2025-11-10 11:55:00+00:00
CUST000478,Customer 478,1987-03-08,customer478@example.com,+447212406764,AE,PRIVATE_BANKING,VERIFIED,2015-04-03,RM0015,2024-11-29 15:29:00+00:00
CUST000479,Customer 479,1967-06-12,customer479@example.com,+447456489494,AE,RETAIL,VERIFIED,2018-09-04,RM0009,2025-07-07 08:35:00+00:00
CUST000480,Customer 480,1984-06-13,customer480@example.com,+447123240112,FR,CORPORATE,VERIFIED,2026-02-18,RM0003,2025-03-31 04:44:00+00:00
CUST000481,Customer 481,1994-05-09,customer481@example.com,+447584719405,FR,RETAIL,FAILED,2022-10-11,RM0011,2025-07-06 05:37:00+00:00
CUST000482,Customer 482,1985-11-08,customer482@example.com,+447241387305,SG,PRIVATE_BANKING,VERIFIED,2020-10-24,,2025-09-03 14:40:00+00:00
CUST000483,Customer 483,1971-11-21,customer483@example.com,+447695392488,DE,CORPORATE,VERIFIED,2018-09-29,RM0015,2026-02-05 20:56:00+00:00
CUST000484,Customer 484,1963-03-29,customer484@example.com,+447159976144,GB,RETAIL,FAILED,2023-05-05,,2025-07-31 13:33:00+00:00
CUST000485,Customer 485,1950-07-01,customer485@example.com,+447975399366,GB,RETAIL,VERIFIED,2017-11-05,RM0016,2025-10-17 20:34:00+00:00
CUST000486,Customer 486,1959-07-25,customer486@example.com,+447285220694,US,RETAIL,VERIFIED,2021-01-10,RM0006,2024-11-13 11:30:00+00:00
CUST000487,Customer 487,1988-02-22,customer487@example.com,+447887588450,SG,RETAIL,VERIFIED,2017-08-25,,2025-07-06 07:51:00+00:00
CUST000488,Customer 488,1969-08-19,customer488@example.com,+447152725050,FR,RETAIL,VERIFIED,2015-08-29,RM0002,2024-04-01 14:19:00+00:00
CUST000489,Customer 489,1965-10-12,customer489@example.com,+447076675731,SG,RETAIL,VERIFIED,2022-07-07,RM0006,2025-01-09 13:16:00+00:00
CUST000490,Customer 490,1996-06-20,customer490@example.com,+447064035859,AE,RETAIL,PENDING,2024-08-18,,2024-06-08 09:00:00+00:00
CUST000491,Customer 491,1991-09-05,customer491@example.com,+447178158234,GB,RETAIL,VERIFIED,2021-02-06,RM0016,2024-01-01 16:52:00+00:00
CUST000492,Customer 492,1954-07-04,customer492@example.com,+447851078441,AE,RETAIL,VERIFIED,2016-06-07,RM0015,2026-02-15 04:22:00+00:00
CUST000493,Customer 493,2000-01-04,customer493@example.com,+447330295664,US,RETAIL,VERIFIED,2020-11-24,,2024-10-20 15:34:00+00:00
CUST000494,Customer 494,1972-05-10,customer494@example.com,+447638923667,FR,RETAIL,VERIFIED,2016-09-23,RM0012,2024-01-09 22:59:00+00:00
CUST000495,Customer 495,1960-11-20,customer495@example.com,+447804187231,FR,RETAIL,FAILED,2026-02-16,RM0005,2025-05-18 15:19:00+00:00
CUST000496,Customer 496,1990-12-14,customer496@example.com,+447885021282,DE,RETAIL,VERIFIED,2025-03-17,RM0016,2024-01-10 13:51:00+00:00
CUST000497,Customer 497,1961-12-18,customer497@example.com,+447611181411,US,PRIVATE_BANKING,VERIFIED,2023-01-29,,2024-10-26 19:14:00+00:00
CUST000498,Customer 498,1991-09-08,customer498@example.com,+447989122949,DE,CORPORATE,PENDING,2016-03-30,RM0002,2026-03-26 00:35:00+00:00
CUST000499,Customer 499,1997-08-26,customer499@example.com,+447309893263,US,RETAIL,VERIFIED,2026-03-16,,2025-01-17 06:26:00+00:00
CUST000500,Customer 500,2000-02-22,customer500@example.com,+447471537429,US,RETAIL,VERIFIED,2018-09-29,RM0001,2025-07-28 13:25:00+00:00
