flag_id,customer_id,account_id,flag_type,severity,flag_status,raised_date,closed_date,raised_by,description,last_updated_ts
FLAG000001,CUST000007,ACC00000451,AML,MEDIUM,UNDER_REVIEW,2024-12-29 04:05:00+00:00,,USER197,Flag description 1,2024-08-12 05:49:00+00:00
FLAG000002,CUST000435,ACC00000075,FRAUD,CRITICAL,OPEN,2024-04-22 19:19:00+00:00,,USER900,Flag description 2,2024-03-04 16:35:00+00:00
FLAG000003,CUST000065,ACC00000762,ADVERSE_MEDIA,HIGH,UNDER_REVIEW,2023-03-08 17:39:00+00:00,,USER126,Flag description 3,2026-01-25 20:34:00+00:00
FLAG000004,CUST000081,ACC00000077,FRAUD,LOW,UNDER_REVIEW,2023-09-13 21:10:00+00:00,,USER512,Flag description 4,2026-02-05 18:06:00+00:00
FLAG000005,CUST000262,ACC00000168,FRAUD,LOW,OPEN,2025-03-30 04:23:00+00:00,,USER166,Flag description 5,2024-09-03 20:29:00+00:00
FLAG000006,CUST000375,ACC00000571,AML,LOW,UNDER_REVIEW,2023-05-17 21:16:00+00:00,2025-07-07 14:50:00+00:00,USER707,Flag description 6,2025-08-06 06:11:00+00:00
FLAG000007,CUST000413,ACC00000756,FRAUD,LOW,UNDER_REVIEW,2023-03-28 06:14:00+00:00,,USER429,Flag description 7,2025-01-17 23:53:00+00:00
FLAG000008,CUST000223,ACC00000459,ADVERSE_MEDIA,LOW,OPEN,2023-04-11 03:07:00+00:00,,USER515,Flag description 8,2025-11-23 14:11:00+00:00
FLAG000009,CUST000257,ACC00000773,AML,MEDIUM,OPEN,2026-03-01 02:48:00+00:00,,USER171,Flag description 9,2025-01-27 17:29:00+00:00
FLAG000010,CUST000293,ACC00000645,FRAUD,LOW,OPEN,2025-09-04 02:34:00+00:00,,USER380,Flag description 10,2026-03-21 00:02:00+00:00
FLAG000011,CUST000254,,FRAUD,HIGH,OPEN,2023-12-10 14:53:00+00:00,,USER793,Flag description 11,2024-04-11 21:59:00+00:00
FLAG000012,CUST000081,ACC00000716,FRAUD,LOW,ESCALATED,2023-01-31 05:06:00+00:00,,USER201,Flag description 12,2024-11-28 23:42:00+00:00
FLAG000013,CUST000471,ACC00000236,PEP,HIGH,UNDER_REVIEW,2023-09-16 10:34:00+00:00,,USER639,Flag description 13,2025-07-25 06:26:00+00:00
FLAG000014,CUST000311,ACC00000422,SANCTION,LOW,ESCALATED,2024-06-20 01:00:00+00:00,,USER737,Flag description 14,2024-07-04 20:03:00+00:00
FLAG000015,CUST000231,ACC00000571,FRAUD,HIGH,CLOSED,2023-06-08 01:37:00+00:00,,USER368,Flag description 15,2024-09-14 13:14:00+00:00
FLAG000016,CUST000098,ACC00000627,AML,HIGH,OPEN,2023-12-08 10:49:00+00:00,,USER439,Flag description 16,2026-02-04 16:00:00+00:00
FLAG000017,CUST000380,ACC00000575,AML,MEDIUM,UNDER_REVIEW,2025-11-14 18:59:00+00:00,,USER117,Flag description 17,2025-02-19 04:57:00+00:00
FLAG000018,CUST000385,ACC00000417,FRAUD,LOW,OPEN,2024-04-10 18:36:00+00:00,2024-04-28 12:24:00+00:00,USER305,Flag description 18,2026-04-15 00:59:00+00:00
FLAG000019,CUST000316,ACC00000625,FRAUD,CRITICAL,OPEN,2025-01-30 01:42:00+00:00,,USER771,Flag description 19,2024-06-29 15:23:00+00:00
FLAG000020,CUST000060,ACC00000757,FRAUD,CRITICAL,OPEN,2024-10-10 01:01:00+00:00,,USER999,Flag description 20,2024-03-21 03:00:00+00:00
FLAG000021,CUST000071,,PEP,MEDIUM,UNDER_REVIEW,2024-04-06 17:55:00+00:00,,USER942,Flag description 21,2026-03-30 10:17:00+00:00
FLAG000022,CUST000408,ACC00000408,ADVERSE_MEDIA,LOW,ESCALATED,2024-01-11 14:51:00+00:00,,USER104,Flag description 22,2025-08-20 14:41:00+00:00
FLAG000023,CUST000494,ACC00000495,FRAUD,LOW,OPEN,2025-11-04 20:40:00+00:00,,USER379,Flag description 23,2024-09-04 08:06:00+00:00
FLAG000024,CUST000353,ACC00000005,PEP,HIGH,UNDER_REVIEW,2025-08-29 09:08:00+00:00,2025-08-06 20:24:00+00:00,USER257,Flag description 24,2025-02-24 11:25:00+00:00
FLAG000025,CUST000402,ACC00000287,FRAUD,LOW,OPEN,2025-05-29 01:31:00+00:00,,USER383,Flag description 25,2025-05-18 01:00:00+00:00
FLAG000026,CUST000438,ACC00000351,AML,CRITICAL,ESCALATED,2025-09-22 11:56:00+00:00,,USER322,Flag description 26,2024-07-10 17:32:00+00:00
FLAG000027,CUST000280,,PEP,LOW,OPEN,2024-08-26 17:16:00+00:00,,USER348,Flag description 27,2025-08-29 06:26:00+00:00
FLAG000028,CUST000040,ACC00000074,PEP,LOW,OPEN,2026-01-09 15:56:00+00:00,,USER665,Flag description 28,2024-01-24 06:40:00+00:00
FLAG000029,CUST000241,ACC00000017,FRAUD,HIGH,UNDER_REVIEW,2023-11-06 16:04:00+00:00,,USER651,Flag description 29,2026-04-26 15:17:00+00:00
FLAG000030,CUST000070,ACC00000479,AML,LOW,OPEN,2024-06-04 22:23:00+00:00,,USER211,Flag description 30,2025-09-27 04:14:00+00:00
FLAG000031,CUST000327,ACC00000163,FRAUD,MEDIUM,CLOSED,2024-02-13 16:20:00+00:00,,USER451,Flag description 31,2024-07-12 21:34:00+00:00
FLAG000032,CUST000406,ACC00000733,AML,HIGH,UNDER_REVIEW,2026-02-07 06:03:00+00:00,,USER130,Flag description 32,2024-08-04 03:33:00+00:00
FLAG000033,CUST000123,ACC00000099,FRAUD,HIGH,OPEN,2026-04-22 02:32:00+00:00,,USER644,Flag description 33,2024-11-07 20:15:00+00:00
FLAG000034,CUST000268,ACC00000549,AML,LOW,OPEN,2023-11-26 03:32:00+00:00,,USER230,Flag description 34,2024-11-21 21:10:00+00:00
FLAG000035,CUST000055,ACC00000246,PEP,MEDIUM,OPEN,2026-03-20 20:46:00+00:00,,USER265,Flag description 35,2025-04-09 12:46:00+00:00
FLAG000036,CUST000042,ACC00000789,AML,HIGH,OPEN,2025-07-06 05:49:00+00:00,,USER600,Flag description 36,2025-10-17 02:07:00+00:00
FLAG000037,CUST000391,ACC00000657,FRAUD,LOW,CLOSED,2023-11-13 17:52:00+00:00,2024-09-05 01:07:00+00:00,USER584,Flag description 37,2026-04-30 15:25:00+00:00
FLAG000038,CUST000498,ACC00000228,SANCTION,MEDIUM,ESCALATED,2025-07-22 07:25:00+00:00,,USER627,Flag description 38,2024-05-21 06:16:00+00:00
FLAG000039,CUST000301,ACC00000067,AML,LOW,OPEN,2023-12-03 02:08:00+00:00,,USER865,Flag description 39,2024-01-27 17:09:00+00:00
FLAG000040,CUST000485,ACC00000406,FRAUD,HIGH,CLOSED,2024-01-09 18:10:00+00:00,,USER797,Flag description 40,2025-02-04 07:50:00+00:00
FLAG000041,CUST000421,ACC00000147,FRAUD,MEDIUM,UNDER_REVIEW,2026-02-19 18:46:00+00:00,,USER609,Flag description 41,2025-07-27 17:26:00+00:00
FLAG000042,CUST000443,ACC00000181,AML,LOW,UNDER_REVIEW,2024-01-06 23:41:00+00:00,,USER264,Flag description 42,2026-02-16 09:20:00+00:00
FLAG000043,CUST000193,ACC00000461,SANCTION,MEDIUM,UNDER_REVIEW,2024-08-08 01:31:00+00:00,2025-02-24 03:40:00+00:00,USER129,Flag description 43,2024-06-12 03:39:00+00:00
FLAG000044,CUST000222,,SANCTION,HIGH,CLOSED,2023-05-09 00:44:00+00:00,,USER420,Flag description 44,2025-04-13 04:50:00+00:00
FLAG000045,CUST000306,,PEP,MEDIUM,UNDER_REVIEW,2023-05-21 12:53:00+00:00,,USER146,Flag description 45,2024-04-18 08:51:00+00:00
FLAG000046,CUST000010,ACC00000287,ADVERSE_MEDIA,MEDIUM,UNDER_REVIEW,2025-05-26 07:37:00+00:00,2024-11-10 03:59:00+00:00,USER915,Flag description 46,2026-01-04 06:21:00+00:00
FLAG000047,CUST000341,,AML,MEDIUM,CLOSED,2024-01-06 18:38:00+00:00,,USER922,Flag description 47,2025-04-01 05:18:00+00:00
FLAG000048,CUST000087,,FRAUD,CRITICAL,UNDER_REVIEW,2025-01-01 09:35:00+00:00,,USER182,Flag description 48,2024-07-28 20:12:00+00:00
FLAG000049,CUST000303,ACC00000018,ADVERSE_MEDIA,LOW,CLOSED,2023-09-27 07:11:00+00:00,2024-04-19 07:31:00+00:00,USER761,Flag description 49,2024-10-23 18:06:00+00:00
FLAG000050,CUST000115,ACC00000728,AML,MEDIUM,OPEN,2023-01-04 06:10:00+00:00,,USER758,Flag description 50,2024-04-24 00:03:00+00:00
FLAG000051,CUST000079,ACC00000191,FRAUD,MEDIUM,OPEN,2024-07-30 18:32:00+00:00,,USER180,Flag description 51,2024-09-27 11:56:00+00:00
FLAG000052,CUST000115,ACC00000744,AML,HIGH,OPEN,2023-11-15 12:42:00+00:00,2024-08-30 17:02:00+00:00,USER772,Flag description 52,2025-01-04 06:42:00+00:00
FLAG000053,CUST000358,ACC00000798,AML,HIGH,CLOSED,2024-01-24 16:58:00+00:00,,USER169,Flag description 53,2024-05-01 23:52:00+00:00
FLAG000054,CUST000163,ACC00000326,FRAUD,LOW,ESCALATED,2024-11-23 11:47:00+00:00,,USER763,Flag description 54,2024-03-02 16:27:00+00:00
FLAG000055,CUST000464,ACC00000373,FRAUD,LOW,OPEN,2024-02-09 16:06:00+00:00,,USER359,Flag description 55,2025-10-27 23:37:00+00:00
FLAG000056,CUST000206,ACC00000786,FRAUD,MEDIUM,CLOSED,2026-04-29 02:04:00+00:00,,USER129,Flag description 56,2025-08-13 04:14:00+00:00
FLAG000057,CUST000385,ACC00000395,FRAUD,MEDIUM,ESCALATED,2025-08-06 13:31:00+00:00,,USER483,Flag description 57,2024-11-05 05:31:00+00:00
FLAG000058,CUST000462,ACC00000402,ADVERSE_MEDIA,HIGH,ESCALATED,2024-12-26 04:22:00+00:00,,USER338,Flag description 58,2024-08-12 09:32:00+00:00
FLAG000059,CUST000362,ACC00000276,PEP,LOW,UNDER_REVIEW,2024-09-05 12:28:00+00:00,,USER293,Flag description 59,2024-05-07 00:29:00+00:00
FLAG000060,CUST000490,ACC00000349,PEP,LOW,ESCALATED,2024-12-03 09:45:00+00:00,,USER526,Flag description 60,2025-04-26 04:21:00+00:00
FLAG000061,CUST000194,ACC00000029,PEP,MEDIUM,UNDER_REVIEW,2025-05-19 08:56:00+00:00,,USER638,Flag description 61,2025-08-11 22:24:00+00:00
FLAG000062,CUST000459,ACC00000659,PEP,LOW,UNDER_REVIEW,2024-01-02 11:18:00+00:00,,USER703,Flag description 62,2024-12-29 22:11:00+00:00
FLAG000063,CUST000169,ACC00000377,PEP,LOW,UNDER_REVIEW,2025-12-17 12:19:00+00:00,,USER171,Flag description 63,2024-05-14 19:08:00+00:00
FLAG000064,CUST000477,ACC00000742,AML,LOW,UNDER_REVIEW,2025-08-05 15:23:00+00:00,,USER809,Flag description 64,2026-02-17 08:16:00+00:00
FLAG000065,CUST000145,ACC00000040,FRAUD,HIGH,OPEN,2024-10-07 03:01:00+00:00,,USER744,Flag description 65,2026-03-02 23:22:00+00:00
FLAG000066,CUST000441,ACC00000509,ADVERSE_MEDIA,LOW,UNDER_REVIEW,2023-10-20 20:28:00+00:00,,USER462,Flag description 66,2024-01-29 11:04:00+00:00
FLAG000067,CUST000098,ACC00000525,FRAUD,HIGH,OPEN,2025-06-17 12:38:00+00:00,,USER101,Flag description 67,2025-09-26 09:52:00+00:00
FLAG000068,CUST000360,ACC00000483,ADVERSE_MEDIA,LOW,CLOSED,2023-10-19 17:01:00+00:00,,USER873,Flag description 68,2025-08-26 00:00:00+00:00
FLAG000069,CUST000184,ACC00000495,FRAUD,LOW,UNDER_REVIEW,2025-08-20 18:02:00+00:00,2024-06-18 13:19:00+00:00,USER568,Flag description 69,2024-02-12 05:20:00+00:00
FLAG000070,CUST000160,ACC00000432,SANCTION,HIGH,CLOSED,2025-06-22 02:11:00+00:00,,USER973,Flag description 70,2024-08-26 13:27:00+00:00
FLAG000071,CUST000331,ACC00000454,PEP,MEDIUM,ESCALATED,2023-04-21 04:05:00+00:00,,USER361,Flag description 71,2024-12-01 15:18:00+00:00
FLAG000072,CUST000260,ACC00000551,AML,HIGH,ESCALATED,2024-10-02 00:38:00+00:00,,USER378,Flag description 72,2024-10-18 22:38:00+00:00
FLAG000073,CUST000260,ACC00000714,AML,LOW,CLOSED,2024-02-29 01:18:00+00:00,,USER281,Flag description 73,2026-05-03 23:15:00+00:00
FLAG000074,CUST000081,ACC00000419,AML,MEDIUM,UNDER_REVIEW,2026-01-15 00:00:00+00:00,2026-01-07 11:26:00+00:00,USER159,Flag description 74,2024-06-16 17:43:00+00:00
FLAG000075,CUST000183,,AML,MEDIUM,ESCALATED,2023-05-13 05:27:00+00:00,,USER193,Flag description 75,2025-12-16 10:23:00+00:00
FLAG000076,CUST000157,ACC00000323,AML,HIGH,CLOSED,2025-05-13 22:24:00+00:00,2025-02-19 13:52:00+00:00,USER569,Flag description 76,2024-09-18 10:27:00+00:00
FLAG000077,CUST000473,ACC00000087,PEP,HIGH,OPEN,2023-05-13 14:36:00+00:00,,USER638,Flag description 77,2026-02-27 22:37:00+00:00
FLAG000078,CUST000150,,ADVERSE_MEDIA,HIGH,UNDER_REVIEW,2023-12-25 15:39:00+00:00,2025-03-07 22:15:00+00:00,USER990,Flag description 78,2025-05-01 18:09:00+00:00
FLAG000079,CUST000344,ACC00000338,SANCTION,HIGH,UNDER_REVIEW,2025-06-26 13:02:00+00:00,,USER644,Flag description 79,2026-04-18 09:44:00+00:00
FLAG000080,CUST000295,ACC00000626,AML,MEDIUM,OPEN,2025-10-25 02:30:00+00:00,,USER278,Flag description 80,2024-09-14 13:34:00+00:00
FLAG000081,CUST000066,ACC00000176,AML,HIGH,CLOSED,2023-06-04 05:49:00+00:00,2024-12-16 17:20:00+00:00,USER605,Flag description 81,2024-04-16 03:48:00+00:00
FLAG000082,CUST000139,,AML,LOW,OPEN,2023-05-26 23:07:00+00:00,,USER117,Flag description 82,2025-09-12 04:17:00+00:00
FLAG000083,CUST000388,ACC00000015,AML,HIGH,UNDER_REVIEW,2024-07-31 18:08:00+00:00,,USER824,Flag description 83,2024-09-06 14:03:00+00:00
FLAG000084,CUST000381,,FRAUD,LOW,CLOSED,2025-08-25 21:47:00+00:00,,USER353,Flag description 84,2025-03-12 19:14:00+00:00
FLAG000085,CUST000211,ACC00000358,FRAUD,HIGH,OPEN,2025-04-10 13:51:00+00:00,,USER800,Flag description 85,2024-11-28 15:00:00+00:00
FLAG000086,CUST000133,,FRAUD,CRITICAL,OPEN,2024-09-03 17:29:00+00:00,,USER648,Flag description 86,2026-03-16 04:39:00+00:00
FLAG000087,CUST000334,ACC00000531,FRAUD,MEDIUM,OPEN,2025-11-29 13:18:00+00:00,,USER596,Flag description 87,2024-02-15 06:27:00+00:00
FLAG000088,CUST000124,ACC00000216,ADVERSE_MEDIA,LOW,UNDER_REVIEW,2025-02-26 19:17:00+00:00,,USER492,Flag description 88,2025-08-27 10:10:00+00:00
FLAG000089,CUST000064,ACC00000271,FRAUD,LOW,OPEN,2024-01-21 05:54:00+00:00,,USER932,Flag description 89,2026-02-21 05:03:00+00:00
FLAG000090,CUST000241,,FRAUD,LOW,ESCALATED,2025-03-19 03:34:00+00:00,,USER811,Flag description 90,2025-01-02 21:28:00+00:00
FLAG000091,CUST000268,,AML,MEDIUM,OPEN,2023-07-10 01:11:00+00:00,,USER440,Flag description 91,2026-05-04 12:30:00+00:00
FLAG000092,CUST000105,,ADVERSE_MEDIA,CRITICAL,OPEN,2023-10-28 19:55:00+00:00,,USER965,Flag description 92,2024-07-15 23:11:00+00:00
FLAG000093,CUST000069,,FRAUD,MEDIUM,OPEN,2024-05-03 20:37:00+00:00,2026-04-26 21:09:00+00:00,USER948,Flag description 93,2026-01-13 14:50:00+00:00
FLAG000094,CUST000008,ACC00000068,FRAUD,HIGH,OPEN,2026-01-20 09:29:00+00:00,,USER265,Flag description 94,2024-11-16 06:43:00+00:00
FLAG000095,CUST000143,ACC00000730,FRAUD,MEDIUM,ESCALATED,2024-02-21 05:50:00+00:00,,USER136,Flag description 95,2024-01-20 18:28:00+00:00
FLAG000096,CUST000492,ACC00000015,AML,HIGH,UNDER_REVIEW,2025-04-21 03:23:00+00:00,,USER277,Flag description 96,2024-12-18 15:37:00+00:00
FLAG000097,CUST000046,ACC00000637,FRAUD,MEDIUM,OPEN,2025-03-29 17:14:00+00:00,,USER171,Flag description 97,2024-01-02 03:37:00+00:00
FLAG000098,CUST000162,ACC00000237,ADVERSE_MEDIA,MEDIUM,OPEN,2026-01-14 02:02:00+00:00,,USER397,Flag description 98,2024-04-30 21:34:00+00:00
FLAG000099,CUST000260,ACC00000089,AML,LOW,ESCALATED,2025-02-25 13:41:00+00:00,,USER608,Flag description 99,2024-07-08 02:13:00+00:00
FLAG000100,CUST000076,ACC00000434,FRAUD,LOW,CLOSED,2025-06-27 17:20:00+00:00,,USER115,Flag description 100,2024-09-28 01:05:00+00:00
FLAG000101,CUST000098,ACC00000391,FRAUD,LOW,OPEN,2024-08-06 22:43:00+00:00,,USER603,Flag description 101,2025-10-20 05:02:00+00:00
FLAG000102,CUST000332,ACC00000125,FRAUD,LOW,UNDER_REVIEW,2025-03-16 13:05:00+00:00,,USER773,Flag description 102,2025-05-09 15:44:00+00:00
FLAG000103,CUST000014,,ADVERSE_MEDIA,LOW,OPEN,2024-10-06 11:41:00+00:00,2024-01-16 19:32:00+00:00,USER525,Flag description 103,2025-02-04 16:13:00+00:00
FLAG000104,CUST000048,,FRAUD,MEDIUM,UNDER_REVIEW,2025-08-20 03:22:00+00:00,2025-04-08 15:16:00+00:00,USER711,Flag description 104,2026-01-07 09:45:00+00:00
FLAG000105,CUST000404,ACC00000651,AML,LOW,OPEN,2026-01-19 09:32:00+00:00,,USER879,Flag description 105,2025-07-30 17:59:00+00:00
FLAG000106,CUST000267,ACC00000660,SANCTION,LOW,OPEN,2026-03-05 06:50:00+00:00,,USER577,Flag description 106,2025-05-21 04:20:00+00:00
FLAG000107,CUST000004,,FRAUD,MEDIUM,UNDER_REVIEW,2024-03-11 08:37:00+00:00,,USER685,Flag description 107,2025-11-12 06:56:00+00:00
FLAG000108,CUST000381,ACC00000357,FRAUD,LOW,UNDER_REVIEW,2026-03-10 14:24:00+00:00,,USER180,Flag description 108,2026-01-18 15:48:00+00:00
FLAG000109,CUST000116,ACC00000477,AML,HIGH,UNDER_REVIEW,2024-06-08 19:05:00+00:00,,USER220,Flag description 109,2025-06-30 21:09:00+00:00
FLAG000110,CUST000486,ACC00000765,FRAUD,LOW,ESCALATED,2024-06-11 11:17:00+00:00,,USER433,Flag description 110,2024-06-24 11:36:00+00:00
FLAG000111,CUST000051,,AML,HIGH,ESCALATED,2025-02-20 09:20:00+00:00,,USER999,Flag description 111,2025-03-02 06:22:00+00:00
FLAG000112,CUST000267,ACC00000791,AML,LOW,OPEN,2025-04-04 07:38:00+00:00,,USER716,Flag description 112,2025-06-12 14:46:00+00:00
FLAG000113,CUST000068,ACC00000083,AML,MEDIUM,CLOSED,2023-11-25 16:21:00+00:00,,USER959,Flag description 113,2024-07-12 01:06:00+00:00
FLAG000114,CUST000218,ACC00000347,ADVERSE_MEDIA,CRITICAL,OPEN,2024-06-06 04:05:00+00:00,,USER154,Flag description 114,2026-04-13 02:24:00+00:00
FLAG000115,CUST000117,,FRAUD,LOW,OPEN,2023-09-25 15:50:00+00:00,,USER344,Flag description 115,2024-01-02 22:26:00+00:00
FLAG000116,CUST000149,,AML,MEDIUM,UNDER_REVIEW,2023-01-10 17:43:00+00:00,,USER145,Flag description 116,2025-09-01 04:08:00+00:00
FLAG000117,CUST000335,ACC00000699,PEP,LOW,CLOSED,2025-09-24 17:32:00+00:00,,USER323,Flag description 117,2024-02-05 23:20:00+00:00
FLAG000118,CUST000473,ACC00000679,SANCTION,LOW,OPEN,2025-04-11 21:54:00+00:00,,USER894,Flag description 118,2025-05-04 04:54:00+00:00
FLAG000119,CUST000394,ACC00000245,FRAUD,HIGH,ESCALATED,2026-03-23 09:57:00+00:00,2025-09-29 13:10:00+00:00,USER479,Flag description 119,2025-02-21 06:51:00+00:00
FLAG000120,CUST000394,ACC00000311,SANCTION,CRITICAL,OPEN,2025-03-03 10:34:00+00:00,,USER478,Flag description 120,2024-01-26 06:09:00+00:00
